5.000000000000000000e-01,5.000000000000000000e-01
1.437500000000000000e+00,-2.473827381500594558e-01
1.440000000000000169e+00,-2.489113561164881250e-01
1.440000000000000169e+00,-2.504947379682100350e-01
1.440000000000000169e+00,-2.521306122916346371e-01
1.440000000000000169e+00,-2.538166985077918159e-01
1.442499999999999893e+00,-2.555507078758402773e-01
1.442499999999999893e+00,-2.573303444972420695e-01
1.444999999999999840e+00,-2.591533063205588294e-01
1.444999999999999840e+00,-2.610172861466033001e-01
1.444999999999999840e+00,-2.629199726330579412e-01
1.447500000000000009e+00,-2.648590512985606327e-01
1.447500000000000009e+00,-2.668322055257689729e-01
1.450000000000000178e+00,-2.688371175628258558e-01
1.452500000000000124e+00,-2.708714695227822378e-01
1.452500000000000124e+00,-2.729329443810659117e-01
1.454999999999999849e+00,-2.750192269699748837e-01
1.454999999999999849e+00,-2.771280049701509429e-01
1.457500000000000018e+00,-2.792569698985005178e-01
1.457500000000000018e+00,-2.814038180922519561e-01
1.460000000000000187e+00,-2.835662516886163220e-01
1.462499999999999911e+00,-2.857419795997408474e-01
1.462499999999999911e+00,-2.879287184827774015e-01
1.464999999999999858e+00,-2.901241937041333929e-01
1.467500000000000027e+00,-2.923261402981715551e-01
1.470000000000000195e+00,-2.945323039193372128e-01
1.470000000000000195e+00,-2.967404417878018452e-01
1.472500000000000142e+00,-2.989483236283120848e-01
1.474999999999999867e+00,-3.011537326011783366e-01
1.474999999999999867e+00,-3.033544662258026992e-01
1.477500000000000036e+00,-3.055483372961688704e-01
1.480000000000000204e+00,-3.077331747876279056e-01
1.482499999999999929e+00,-3.099068247548465993e-01
1.484999999999999876e+00,-3.120671512206964482e-01
1.484999999999999876e+00,-3.142120370555502862e-01
1.487500000000000044e+00,-3.163393848465869129e-01
1.490000000000000213e+00,-3.184471177570148970e-01
1.492500000000000160e+00,-3.205331803745494201e-01
1.494999999999999885e+00,-3.225955395490533451e-01
1.494999999999999885e+00,-3.246321852190316437e-01
1.497500000000000053e+00,-3.266411312265350975e-01
1.500000000000000222e+00,-3.286204161201179974e-01
1.502499999999999947e+00,-3.305681039456278003e-01
1.504999999999999893e+00,-3.324822850245602868e-01
1.504999999999999893e+00,-3.343610767196249500e-01
1.507500000000000062e+00,-3.362026241872985710e-01
1.510000000000000231e+00,-3.380051011168340724e-01
1.512500000000000178e+00,-3.397667104557246520e-01
1.512500000000000178e+00,-3.414856851213567412e-01
1.514999999999999902e+00,-3.431602886981856559e-01
1.517500000000000071e+00,-3.447888161207003921e-01
1.517500000000000071e+00,-3.463695943416002510e-01
1.520000000000000240e+00,-3.479009829850056579e-01
1.520000000000000240e+00,-3.493813749843923122e-01
1.522499999999999964e+00,-3.508091972050710328e-01
1.524999999999999911e+00,-3.521829110511688898e-01
1.524999999999999911e+00,-3.535010130564010811e-01
1.524999999999999911e+00,-3.547620354589888225e-01
1.527500000000000080e+00,-3.559645467601459390e-01
1.527500000000000080e+00,-3.571071522660009268e-01
1.527500000000000080e+00,-3.581884946126880354e-01
1.530000000000000249e+00,-3.592072542747405950e-01
1.530000000000000249e+00,-3.601621500562536826e-01
1.530000000000000249e+00,-3.610519395646384910e-01
1.530000000000000249e+00,-3.618754196671460366e-01
1.530000000000000249e+00,-3.626314269296717074e-01
1.532500000000000195e+00,-3.633188380378406523e-01
1.532500000000000195e+00,-3.639365702000187386e-01
1.532500000000000195e+00,-3.644835815324267148e-01
1.532500000000000195e+00,-3.649588714262243516e-01
1.532500000000000195e+00,-3.653614808959428362e-01
1.532500000000000195e+00,-3.656904929097095081e-01
1.532500000000000195e+00,-3.659450327010428938e-01
1.530000000000000249e+00,-3.661242680617739498e-01
1.530000000000000249e+00,-3.662274096164043757e-01
1.530000000000000249e+00,-3.662537110776355465e-01
1.530000000000000249e+00,-3.662024694832012872e-01
1.530000000000000249e+00,-3.660730254134715866e-01
1.530000000000000249e+00,-3.658647631901825181e-01
1.527500000000000080e+00,-3.655771110562035520e-01
1.527500000000000080e+00,-3.652095413360313958e-01
1.527500000000000080e+00,-3.647615705773656347e-01
1.527500000000000080e+00,-3.642327596734108996e-01
1.524999999999999911e+00,-3.636227139658611551e-01
1.524999999999999911e+00,-3.629310833289213778e-01
1.522499999999999964e+00,-3.621575622342333989e-01
1.522499999999999964e+00,-3.613018897961730036e-01
1.522499999999999964e+00,-3.603638497983176481e-01
1.520000000000000240e+00,-3.593432707006407045e-01
1.520000000000000240e+00,-3.582400256276986883e-01
1.517500000000000071e+00,-3.570540323375450131e-01
1.517500000000000071e+00,-3.557852531715479105e-01
1.514999999999999902e+00,-3.544336949855566021e-01
1.514999999999999902e+00,-3.529994090617495917e-01
1.512500000000000178e+00,-3.514824910017423920e-01
1.510000000000000231e+00,-3.498830806009546879e-01
1.510000000000000231e+00,-3.482013617041925246e-01
1.507500000000000062e+00,-3.464375620425343416e-01
1.504999999999999893e+00,-3.445919530518317120e-01
1.504999999999999893e+00,-3.426648496726471538e-01
1.502499999999999947e+00,-3.406566101320286921e-01
1.500000000000000222e+00,-3.385676357068991282e-01
1.497500000000000053e+00,-3.363983704694152865e-01
1.494999999999999885e+00,-3.341493010146525111e-01
1.494999999999999885e+00,-3.318209561700815047e-01
1.492500000000000160e+00,-3.294139066875924615e-01
1.490000000000000213e+00,-3.269287649182441302e-01
1.487500000000000044e+00,-3.243661844693381258e-01
1.484999999999999876e+00,-3.217268598444402161e-01
1.482499999999999929e+00,-3.190115260664818098e-01
1.480000000000000204e+00,-3.162209582840304622e-01
1.477500000000000036e+00,-3.133559713611290820e-01
1.474999999999999867e+00,-3.104174194504373818e-01
1.472500000000000142e+00,-3.074061955501196652e-01
1.470000000000000195e+00,-3.043232310451006728e-01
1.467500000000000027e+00,-3.011694952323342167e-01
1.464999999999999858e+00,-2.979459948305286932e-01
1.460000000000000187e+00,-2.946537734745071080e-01
1.457500000000000018e+00,-2.912939111943792514e-01
1.454999999999999849e+00,-2.878675238801033376e-01
1.452500000000000124e+00,-2.843757627313927006e-01
1.450000000000000178e+00,-2.808198136931007727e-01
1.444999999999999840e+00,-2.772008968764840264e-01
1.442499999999999893e+00,-2.735202659669201952e-01
1.440000000000000169e+00,-2.697792076178153198e-01
1.434999999999999831e+00,-2.659790408312325272e-01
1.432500000000000107e+00,-2.621211163256866317e-01
1.427499999999999991e+00,-2.582068158909713307e-01
1.424999999999999822e+00,-2.542375517305963117e-01
1.420000000000000151e+00,-2.502147657923227686e-01
1.417499999999999982e+00,-2.461399290865752820e-01
1.412500000000000089e+00,-2.420145409933517899e-01
1.410000000000000142e+00,-2.378401285579869184e-01
1.404999999999999805e+00,-2.336182457759463094e-01
1.402499999999999858e+00,-2.293504728670072157e-01
1.397499999999999964e+00,-2.250384155391362273e-01
1.392500000000000071e+00,-2.206837042424193984e-01
1.390000000000000124e+00,-2.162879934133112303e-01
1.384999999999999787e+00,-2.118529607097354162e-01
1.380000000000000115e+00,-2.073803062369485306e-01
1.377500000000000169e+00,-2.028717517649660240e-01
1.372500000000000053e+00,-1.983290399376393398e-01
1.367500000000000160e+00,-1.937539334736950170e-01
1.362500000000000266e+00,-1.891482143603575028e-01
1.357500000000000151e+00,-1.845136830396000849e-01
1.352500000000000036e+00,-1.798521575873792133e-01
1.350000000000000089e+00,-1.751654728865183475e-01
1.344999999999999973e+00,-1.704554797933745536e-01
1.339999999999999858e+00,-1.657240442985098983e-01
1.334999999999999964e+00,-1.609730466819893624e-01
1.330000000000000071e+00,-1.562043806636605470e-01
1.324999999999999956e+00,-1.514199525485928066e-01
1.322500000000000231e+00,-1.466216803679866731e-01
1.317500000000000115e+00,-1.418114930163973386e-01
1.312500000000000000e+00,-1.369913293851833802e-01
1.307500000000000107e+00,-1.321631374923583624e-01
1.302500000000000213e+00,-1.273288736099999485e-01
1.297500000000000098e+00,-1.224905013890388861e-01
1.292499999999999982e+00,-1.176499909815166833e-01
1.290000000000000036e+00,-1.128093181615110185e-01
1.284999999999999920e+00,-1.079704634443736100e-01
1.279999999999999805e+00,-1.031354112049466809e-01
1.274999999999999911e+00,-9.830614879529092631e-02
1.270000000000000018e+00,-9.348466566188057270e-02
1.264999999999999902e+00,-8.867295246284284671e-02
1.262500000000000178e+00,-8.387300018586357764e-02
1.257500000000000062e+00,-7.908679926689216044e-02
1.252499999999999947e+00,-7.431633870973469724e-02
1.247500000000000053e+00,-6.956360520742349562e-02
1.242500000000000160e+00,-6.483058226549615055e-02
1.239999999999999769e+00,-6.011924932753948125e-02
1.234999999999999876e+00,-5.543158090339800337e-02
1.229999999999999982e+00,-5.076954570022457203e-02
1.224999999999999867e+00,-4.613510575712814754e-02
1.222500000000000142e+00,-4.153021558346309261e-02
1.217500000000000027e+00,-3.695682130115968134e-02
1.212500000000000133e+00,-3.241685979162872711e-02
1.209999999999999964e+00,-2.791225784741796501e-02
1.205000000000000071e+00,-2.344493132884223341e-02
1.200000000000000178e+00,-1.901678432634240634e-02
1.195000000000000062e+00,-1.462970832866189452e-02
1.192500000000000115e+00,-1.028558139697394180e-02
1.187500000000000000e+00,-5.986267345981122201e-03
1.185000000000000053e+00,-1.733614931454130481e-03
1.180000000000000160e+00,2.470542954946364222e-03
1.175000000000000044e+00,6.624390083120712536e-03
1.172500000000000098e+00,1.072612767429853564e-02
1.167499999999999982e+00,1.477397518259132569e-02
1.165000000000000036e+00,1.876617106797412449e-02
1.160000000000000142e+00,2.270097356065187144e-02
1.157499999999999973e+00,2.657666141623310496e-02
1.152500000000000080e+00,3.039153466126692793e-02
1.149999999999999911e+00,3.414391532923205519e-02
1.147499999999999964e+00,3.783214818662267165e-02
1.142500000000000071e+00,4.145460144850937612e-02
1.140000000000000124e+00,4.500966748348639301e-02
1.137499999999999956e+00,4.849576350787182522e-02
1.132500000000000062e+00,5.191133226867244987e-02
1.129999999999999893e+00,5.525484271509101264e-02
1.127499999999999947e+00,5.852479065826515781e-02
1.125000000000000000e+00,6.171969941910476765e-02
1.120000000000000107e+00,6.483812046396125739e-02
1.117499999999999938e+00,6.787863402764032772e-02
1.114999999999999991e+00,7.083984972375817479e-02
1.112500000000000044e+00,7.372040714217470425e-02
1.109999999999999876e+00,7.651897643310406893e-02
1.107499999999999929e+00,7.923425887790253030e-02
1.104999999999999982e+00,8.186498744613396328e-02
1.102500000000000036e+00,8.440992733873536880e-02
1.100000000000000089e+00,8.686787651692712275e-02
1.097500000000000142e+00,8.923766621722323267e-02
1.095000000000000195e+00,9.151816145169783256e-02
1.095000000000000195e+00,9.370826149333028043e-02
1.092500000000000027e+00,9.580690034687294743e-02
1.090000000000000080e+00,9.781304720444233824e-02
1.087500000000000133e+00,9.972570688583354270e-02
1.087500000000000133e+00,1.015439202636912452e-01
1.084999999999999964e+00,1.032667646727379318e-01
1.084999999999999964e+00,1.048933543034145655e-01
1.082500000000000018e+00,1.064228405799781396e-01
1.080000000000000071e+00,1.078544125220347039e-01
1.080000000000000071e+00,1.091872970903072226e-01
1.080000000000000071e+00,1.104207595161497690e-01
1.077500000000000124e+00,1.115541036143195552e-01
1.077500000000000124e+00,1.125866720797173426e-01
1.075000000000000178e+00,1.135178467672524616e-01
1.075000000000000178e+00,1.143470489548324420e-01
1.075000000000000178e+00,1.150737395899213422e-01
1.075000000000000178e+00,1.156974195191782795e-01
1.075000000000000178e+00,1.162176297008208903e-01
1.075000000000000178e+00,1.166339514000689914e-01
1.072500000000000009e+00,1.169460063678460782e-01
1.072500000000000009e+00,1.171534570018948895e-01
1.072500000000000009e+00,1.172560064908399480e-01
1.072500000000000009e+00,1.172533989411082556e-01
1.075000000000000178e+00,1.171454194863972842e-01
1.075000000000000178e+00,1.169318943801787580e-01
1.075000000000000178e+00,1.166126910703944586e-01
1.075000000000000178e+00,1.161877182571434131e-01
1.075000000000000178e+00,1.156569259331828303e-01
1.077500000000000124e+00,1.150203054065766506e-01
1.077500000000000124e+00,1.142778893065131141e-01
1.080000000000000071e+00,1.134297515716696236e-01
1.080000000000000071e+00,1.124760074210804928e-01
1.082500000000000018e+00,1.114168133080848944e-01
1.082500000000000018e+00,1.102523668569109216e-01
1.084999999999999964e+00,1.089829067820733965e-01
1.084999999999999964e+00,1.076087127905854257e-01
1.087500000000000133e+00,1.061301054672945665e-01
1.090000000000000080e+00,1.045474461432547852e-01
1.090000000000000080e+00,1.028611367468677540e-01
1.092500000000000027e+00,1.010716196385040289e-01
1.095000000000000195e+00,9.917937742838206505e-02
1.097500000000000142e+00,9.718493277757184190e-02
1.100000000000000089e+00,9.508884818256718718e-02
1.102500000000000036e+00,9.289172574356002743e-02
1.104999999999999982e+00,9.059420691615011068e-02
1.107499999999999929e+00,8.819697224706751770e-02
1.109999999999999876e+00,8.570074109364150816e-02
1.112500000000000044e+00,8.310627132741538192e-02
1.117499999999999938e+00,8.041435902204058239e-02
1.120000000000000107e+00,7.762583812545004180e-02
1.122500000000000053e+00,7.474158011653281308e-02
1.127499999999999947e+00,7.176249364639880612e-02
1.129999999999999893e+00,6.868952416467771771e-02
1.132500000000000062e+00,6.552365353067451936e-02
1.137499999999999956e+00,6.226589960973677451e-02
1.140000000000000124e+00,5.891731585510023850e-02
1.145000000000000018e+00,5.547899087521274142e-02
1.147499999999999964e+00,5.195204798666958057e-02
1.152500000000000080e+00,4.833764475342655631e-02
1.157499999999999973e+00,4.463697251202419780e-02
1.160000000000000142e+00,4.085125588308963218e-02
1.165000000000000036e+00,3.698175226973782204e-02
1.169999999999999929e+00,3.302975134251689981e-02
1.175000000000000044e+00,2.899657451147491516e-02
1.180000000000000160e+00,2.488357438579208436e-02
1.182500000000000107e+00,2.069213422049004381e-02
1.187500000000000000e+00,1.642366735132833044e-02
1.192500000000000115e+00,1.207961661757722682e-02
1.197500000000000009e+00,7.661453772977833143e-03
1.202500000000000124e+00,3.170678885422273385e-03
1.207500000000000018e+00,-1.391180274645964499e-03
1.212500000000000133e+00,-6.022568856667465109e-03
1.217500000000000027e+00,-1.072190556319368993e-02
1.222500000000000142e+00,-1.548758329337224238e-02
1.229999999999999982e+00,-2.031796979660177582e-02
1.234999999999999876e+00,-2.521140833595686415e-02
1.239999999999999769e+00,-3.016621836102756360e-02
1.244999999999999885e+00,-3.518069619008484805e-02
1.250000000000000000e+00,-4.025311570134987305e-02
1.257500000000000062e+00,-4.538172903252329915e-02
1.262500000000000178e+00,-5.056476728892994599e-02
1.267500000000000071e+00,-5.580044125956823420e-02
1.274999999999999911e+00,-6.108694214093118857e-02
1.279999999999999805e+00,-6.642244226822152653e-02
1.284999999999999920e+00,-7.180509585353894719e-02
1.292499999999999982e+00,-7.723303973110623444e-02
1.297500000000000098e+00,-8.270439410866819996e-02
1.304999999999999938e+00,-8.821726332517448865e-02
1.310000000000000053e+00,-9.376973661427995266e-02
1.317500000000000115e+00,-9.935988887328511820e-02
1.322500000000000231e+00,-1.049857814372280873e-01
1.330000000000000071e+00,-1.106454628578170118e-01
1.334999999999999964e+00,-1.163369696868922776e-01
1.342500000000000249e+00,-1.220583272640631267e-01
1.347500000000000142e+00,-1.278075505080968344e-01
1.354999999999999982e+00,-1.335826447118605986e-01
1.362500000000000266e+00,-1.393816063404164640e-01
1.367500000000000160e+00,-1.452024238319140070e-01
1.375000000000000000e+00,-1.510430784010587391e-01
1.382499999999999840e+00,-1.569015448446899330e-01
1.387499999999999956e+00,-1.627757923490237846e-01
1.394999999999999796e+00,-1.686637852985841124e-01
1.402499999999999858e+00,-1.745634840861988724e-01
1.407499999999999973e+00,-1.804728459236406013e-01
1.414999999999999813e+00,-1.863898256529551989e-01
1.422499999999999876e+00,-1.923123765577240962e-01
1.427499999999999991e+00,-1.982384511742376065e-01
1.434999999999999831e+00,-2.041660021019577331e-01
1.442499999999999893e+00,-2.100929828131594124e-01
1.447500000000000009e+00,-2.160173484614393291e-01
1.454999999999999849e+00,-2.219370566884039664e-01
1.462499999999999911e+00,-2.278500684286479117e-01
1.467500000000000027e+00,-2.337543487124895125e-01
1.474999999999999867e+00,-2.396478674659975883e-01
1.482499999999999929e+00,-2.455286003081981749e-01
1.487500000000000044e+00,-2.513945293450616236e-01
1.494999999999999885e+00,-2.572436439599591895e-01
1.500000000000000222e+00,-2.630739416000784092e-01
1.507500000000000062e+00,-2.688834285587750617e-01
1.512500000000000178e+00,-2.746701207534176237e-01
1.520000000000000240e+00,-2.804320444981913130e-01
1.524999999999999911e+00,-2.861672372719505364e-01
1.532500000000000195e+00,-2.918737484804536098e-01
1.537500000000000089e+00,-2.975496402128465223e-01
1.544999999999999929e+00,-3.031929879921070881e-01
1.550000000000000044e+00,-3.088018815189387811e-01
1.555000000000000160e+00,-3.143744254090920509e-01
1.562500000000000000e+00,-3.199087399236024143e-01
1.567499999999999893e+00,-3.254029616917676893e-01
1.572499999999999787e+00,-3.308552444265313031e-01
1.580000000000000071e+00,-3.362637596318941990e-01
1.584999999999999964e+00,-3.416266973022443199e-01
1.590000000000000080e+00,-3.469422666132039867e-01
1.597499999999999920e+00,-3.522086966037731304e-01
1.602500000000000036e+00,-3.574242368494353062e-01
1.607499999999999929e+00,-3.625871581260044496e-01
1.612499999999999822e+00,-3.676957530638793048e-01
1.617499999999999938e+00,-3.727483367925722990e-01
1.622500000000000053e+00,-3.777432475752242058e-01
1.627499999999999947e+00,-3.826788474326605072e-01
1.632499999999999840e+00,-3.875535227569894547e-01
1.637499999999999956e+00,-3.923656849144087633e-01
1.642500000000000071e+00,-3.971137708369100738e-01
1.647499999999999964e+00,-4.017962436028145734e-01
1.652499999999999858e+00,-4.064115930057178860e-01
1.657499999999999973e+00,-4.109583361117776223e-01
1.662500000000000089e+00,-4.154350178050105202e-01
1.667499999999999982e+00,-4.198402113204659503e-01
1.670000000000000151e+00,-4.241725187650981499e-01
1.675000000000000266e+00,-4.284305716259819152e-01
1.677499999999999991e+00,-4.326130312658273414e-01
1.682500000000000107e+00,-4.367185894055715667e-01
1.685000000000000053e+00,-4.407459685938476812e-01
1.690000000000000169e+00,-4.446939226630199360e-01
1.692499999999999893e+00,-4.485612371718962765e-01
1.697500000000000009e+00,-4.523467298347851329e-01
1.699999999999999956e+00,-4.560492509366300129e-01
1.705000000000000071e+00,-4.596676837342885125e-01
1.707499999999999796e+00,-4.632009448436226751e-01
1.709999999999999964e+00,-4.666479846123784969e-01
1.712500000000000133e+00,-4.700077874786991461e-01
1.714999999999999858e+00,-4.732793723151164644e-01
1.719999999999999973e+00,-4.764617927577765033e-01
1.722500000000000142e+00,-4.795541375210545243e-01
1.725000000000000089e+00,-4.825555306972486025e-01
1.727499999999999813e+00,-4.854651320412186055e-01
1.729999999999999982e+00,-4.882821372400371618e-01
1.732500000000000151e+00,-4.910057781674527777e-01
1.734999999999999876e+00,-4.936353231231206951e-01
1.734999999999999876e+00,-4.961700770563794438e-01
1.737499999999999822e+00,-4.986093817747285217e-01
1.739999999999999991e+00,-5.009526161368518249e-01
1.739999999999999991e+00,-5.031991962300310650e-01
1.742500000000000160e+00,-5.053485755320166195e-01
1.745000000000000107e+00,-5.074002450572436818e-01
1.745000000000000107e+00,-5.093537334873723399e-01
1.745000000000000107e+00,-5.112086072861956598e-01
1.747499999999999831e+00,-5.129644707987381924e-01
1.747499999999999831e+00,-5.146209663346337226e-01
1.747499999999999831e+00,-5.161777742357156473e-01
1.750000000000000000e+00,-5.176346129279087993e-01
1.750000000000000000e+00,-5.189912389572894913e-01
1.750000000000000000e+00,-5.202474470103359838e-01
1.750000000000000000e+00,-5.214030699186358309e-01
1.750000000000000000e+00,-5.224579786476504228e-01
1.750000000000000000e+00,-5.234120822698253850e-01
1.750000000000000000e+00,-5.242653279221800577e-01
1.750000000000000000e+00,-5.250177007481096059e-01
1.750000000000000000e+00,-5.256692238236440051e-01
1.750000000000000000e+00,-5.262199580682305200e-01
1.750000000000000000e+00,-5.266700021400396725e-01
1.750000000000000000e+00,-5.270194923158613154e-01
1.750000000000000000e+00,-5.272686023556130142e-01
1.750000000000000000e+00,-5.274175433517271916e-01
1.747499999999999831e+00,-5.274665635633504213e-01
1.747499999999999831e+00,-5.274159482353326656e-01
1.745000000000000107e+00,-5.272660194024061386e-01
1.745000000000000107e+00,-5.270171356784649763e-01
1.745000000000000107e+00,-5.266696920310123264e-01
1.742500000000000160e+00,-5.262241195410413130e-01
1.739999999999999991e+00,-5.256808851483942835e-01
1.739999999999999991e+00,-5.250404913826669517e-01
1.737499999999999822e+00,-5.243034760799683003e-01
1.734999999999999876e+00,-5.234704120854696274e-01
1.732500000000000151e+00,-5.225419069419869889e-01
1.732500000000000151e+00,-5.215186025648412826e-01
1.729999999999999982e+00,-5.204011749029737732e-01
1.727499999999999813e+00,-5.191903335865835079e-01
1.725000000000000089e+00,-5.178868215614198522e-01
1.722500000000000142e+00,-5.164914147099299857e-01
1.719999999999999973e+00,-5.150049214595278091e-01
1.717499999999999805e+00,-5.134281823779176523e-01
1.714999999999999858e+00,-5.117620697558502574e-01
1.709999999999999964e+00,-5.100074871776441032e-01
1.707499999999999796e+00,-5.081653690792278244e-01
1.705000000000000071e+00,-5.062366802943698563e-01
1.702500000000000124e+00,-5.042224155891175119e-01
1.699999999999999956e+00,-5.021235991844898994e-01
1.697500000000000009e+00,-4.999412842680241442e-01
1.692499999999999893e+00,-4.976765524940642282e-01
1.690000000000000169e+00,-4.953305134731468828e-01
1.687500000000000000e+00,-4.929043042507743055e-01
1.685000000000000053e+00,-4.903990887756394801e-01
1.680000000000000160e+00,-4.878160573577485226e-01
1.677499999999999991e+00,-4.851564261165510206e-01
1.675000000000000266e+00,-4.824214364193892268e-01
1.672499999999999876e+00,-4.796123543104881537e-01
1.667499999999999982e+00,-4.767304699306419979e-01
1.665000000000000036e+00,-4.737770969281075994e-01
1.660000000000000142e+00,-4.707535718607937514e-01
1.657499999999999973e+00,-4.676612535899684064e-01
1.652499999999999858e+00,-4.645015226658612550e-01
1.650000000000000133e+00,-4.612757807054503334e-01
1.645000000000000018e+00,-4.579854497625436838e-01
1.642500000000000071e+00,-4.546319716906667696e-01
1.637499999999999956e+00,-4.512168074988444633e-01
1.632499999999999840e+00,-4.477414367005662643e-01
1.627499999999999947e+00,-4.442073566565120646e-01
1.625000000000000000e+00,-4.406160819109052329e-01
1.620000000000000107e+00,-4.369691435219593134e-01
1.615000000000000213e+00,-4.332680883869068356e-01
1.610000000000000098e+00,-4.295144785615880312e-01
1.607499999999999929e+00,-4.257098905750657525e-01
1.602500000000000036e+00,-4.218559147395996578e-01
1.597499999999999920e+00,-4.179541544561795052e-01
1.592499999999999805e+00,-4.140062255159284166e-01
1.587499999999999911e+00,-4.100137553977091787e-01
1.582500000000000018e+00,-4.059783825622666487e-01
1.577499999999999902e+00,-4.019017557432615351e-01
1.572499999999999787e+00,-3.977855332352399631e-01
1.570000000000000062e+00,-3.936313821791605494e-01
1.564999999999999947e+00,-3.894409778456344173e-01
1.560000000000000053e+00,-3.852160029161224020e-01
1.555000000000000160e+00,-3.809581467626445561e-01
1.550000000000000044e+00,-3.766691047260019576e-01
1.544999999999999929e+00,-3.723505773929771112e-01
1.542499999999999982e+00,-3.680042698728904216e-01
1.537500000000000089e+00,-3.636318910737125765e-01
1.532500000000000195e+00,-3.592351529779992947e-01
1.527500000000000080e+00,-3.548157699191369363e-01
1.522499999999999964e+00,-3.503754578580322021e-01
1.517500000000000071e+00,-3.459159336606011936e-01
1.514999999999999902e+00,-3.414389143764131052e-01
1.510000000000000231e+00,-3.369461165188216145e-01
1.504999999999999893e+00,-3.324392553467394040e-01
1.500000000000000222e+00,-3.279200441483888784e-01
1.494999999999999885e+00,-3.233901935276063955e-01
1.492500000000000160e+00,-3.188514106926333969e-01
1.487500000000000044e+00,-3.143053987477941180e-01
1.482499999999999929e+00,-3.097538559885927856e-01
1.477500000000000036e+00,-3.051984752001858925e-01
1.472500000000000142e+00,-3.006409429597180494e-01
1.467500000000000027e+00,-2.960829389428322744e-01
1.464999999999999858e+00,-2.915261352345101531e-01
1.460000000000000187e+00,-2.869721956446859568e-01
1.454999999999999849e+00,-2.824227750287457428e-01
1.450000000000000178e+00,-2.778795186133555251e-01
1.444999999999999840e+00,-2.733440613278405595e-01
1.442499999999999893e+00,-2.688180271413155853e-01
1.437500000000000000e+00,-2.643030284059879054e-01
1.432500000000000107e+00,-2.598006652067443301e-01
1.427499999999999991e+00,-2.553125247174882761e-01
1.422499999999999876e+00,-2.508401805642492266e-01
1.420000000000000151e+00,-2.463851921954864355e-01
1.414999999999999813e+00,-2.419491042598089225e-01
1.410000000000000142e+00,-2.375334459914670293e-01
1.404999999999999805e+00,-2.331397306036821493e-01
1.402499999999999858e+00,-2.287694546900144732e-01
1.397499999999999964e+00,-2.244240976344348826e-01
1.392500000000000071e+00,-2.201051210298567429e-01
1.387499999999999956e+00,-2.158139681055272763e-01
1.384999999999999787e+00,-2.115520631636781945e-01
1.380000000000000115e+00,-2.073208110254800007e-01
1.377500000000000169e+00,-2.031215964864775958e-01
1.372500000000000053e+00,-1.989557837818846653e-01
1.367500000000000160e+00,-1.948247160619810958e-01
1.364999999999999991e+00,-1.907297148775023987e-01
1.359999999999999876e+00,-1.866720796755762524e-01
1.357500000000000151e+00,-1.826530873063837990e-01
1.352500000000000036e+00,-1.786739915404124690e-01
1.350000000000000089e+00,-1.747360225968554448e-01
1.344999999999999973e+00,-1.708403866831577633e-01
1.342500000000000249e+00,-1.669882655459088983e-01
1.337500000000000133e+00,-1.631808160333704794e-01
1.334999999999999964e+00,-1.594191696696391491e-01
1.332500000000000018e+00,-1.557044322407110104e-01
1.327500000000000124e+00,-1.520376833925364823e-01
1.324999999999999956e+00,-1.484199762413542234e-01
1.322500000000000231e+00,-1.448523369963485297e-01
1.317500000000000115e+00,-1.413357645947190266e-01
1.314999999999999947e+00,-1.378712303494291080e-01
1.312500000000000000e+00,-1.344596776097663482e-01
1.310000000000000053e+00,-1.311020214346482748e-01
1.304999999999999938e+00,-1.277991482790287736e-01
1.302500000000000213e+00,-1.245519156933829197e-01
1.299999999999999822e+00,-1.213611520364256680e-01
1.297500000000000098e+00,-1.182276562012198329e-01
1.294999999999999929e+00,-1.151521973545401312e-01
1.292499999999999982e+00,-1.121355146899151722e-01
1.290000000000000036e+00,-1.091783171942585784e-01
1.284999999999999920e+00,-1.062812834281114394e-01
1.282500000000000195e+00,-1.034450613196515323e-01
1.279999999999999805e+00,-1.006702679725359206e-01
1.277500000000000080e+00,-9.795748948768795428e-02
1.274999999999999911e+00,-9.530728079898426186e-02
1.272499999999999964e+00,-9.272016552284173541e-02
1.270000000000000018e+00,-9.019663582197096074e-02
1.270000000000000018e+00,-8.773715228311845804e-02
1.267500000000000071e+00,-8.534214380895316365e-02
1.264999999999999902e+00,-8.301200752405274441e-02
1.262500000000000178e+00,-8.074710869503415323e-02
1.259999999999999787e+00,-7.854778066485063048e-02
1.257500000000000062e+00,-7.641432480123294679e-02
1.257500000000000062e+00,-7.434701045934150043e-02
1.254999999999999893e+00,-7.234607495851824721e-02
1.252499999999999947e+00,-7.041172357318287167e-02
1.250000000000000000e+00,-6.854412953789540408e-02
1.250000000000000000e+00,-6.674343406656307875e-02
1.247500000000000053e+00,-6.500974638563600250e-02
1.247500000000000053e+00,-6.334314378133604206e-02
1.244999999999999885e+00,-6.174367166094113513e-02
1.242500000000000160e+00,-6.021134362796959349e-02
1.242500000000000160e+00,-5.874614157135321646e-02
1.239999999999999769e+00,-5.734801576828835179e-02
1.239999999999999769e+00,-5.601688500096474455e-02
1.239999999999999769e+00,-5.475263668701674247e-02
1.237500000000000044e+00,-5.355512702338599551e-02
1.237500000000000044e+00,-5.242418114403973872e-02
1.234999999999999876e+00,-5.135959329087852465e-02
1.234999999999999876e+00,-5.036112699803324544e-02
1.234999999999999876e+00,-4.942851528959585350e-02
1.232499999999999929e+00,-4.856146089022866930e-02
1.232499999999999929e+00,-4.775963644894093418e-02
1.232499999999999929e+00,-4.702268477585497264e-02
1.229999999999999982e+00,-4.635021909162889697e-02
1.229999999999999982e+00,-4.574182328953585452e-02
1.229999999999999982e+00,-4.519705221024422626e-02
1.229999999999999982e+00,-4.471543192881027862e-02
1.227500000000000036e+00,-4.429646005394988206e-02
1.227500000000000036e+00,-4.393960603952268285e-02
1.227500000000000036e+00,-4.364431150787345670e-02
1.227500000000000036e+00,-4.340999058494182661e-02
1.227500000000000036e+00,-4.323603024698491337e-02
1.227500000000000036e+00,-4.312179067886851014e-02
1.224999999999999867e+00,-4.306660564350489606e-02
1.224999999999999867e+00,-4.306978286245949361e-02
1.224999999999999867e+00,-4.313060440748212043e-02
1.224999999999999867e+00,-4.324832710274079117e-02
1.224999999999999867e+00,-4.342218293760263803e-02
1.224999999999999867e+00,-4.365137948971770099e-02
1.224999999999999867e+00,-4.393510035838338323e-02
1.227500000000000036e+00,-4.427250560770107368e-02
1.227500000000000036e+00,-4.466273221948052763e-02
1.227500000000000036e+00,-4.510489455578098328e-02
1.227500000000000036e+00,-4.559808483060051598e-02
1.227500000000000036e+00,-4.614137359075803912e-02
1.227500000000000036e+00,-4.673381020556827137e-02
1.227500000000000036e+00,-4.737442336513203456e-02
1.227500000000000036e+00,-4.806222158717526893e-02
1.229999999999999982e+00,-4.879619373188165410e-02
1.229999999999999982e+00,-4.957530952465222240e-02
1.229999999999999982e+00,-5.039852008668094241e-02
1.229999999999999982e+00,-5.126475847287997878e-02
1.232499999999999929e+00,-5.217294021704360629e-02
1.232499999999999929e+00,-5.312196388391771107e-02
1.232499999999999929e+00,-5.411071162795283440e-02
1.232499999999999929e+00,-5.513804975860753244e-02
1.234999999999999876e+00,-5.620282931171355356e-02
1.234999999999999876e+00,-5.730388662679181122e-02
1.234999999999999876e+00,-5.844004393000828967e-02
1.237500000000000044e+00,-5.961010992261445152e-02
1.237500000000000044e+00,-6.081288037449467110e-02
1.239999999999999769e+00,-6.204713872242101358e-02
1.239999999999999769e+00,-6.331165667308197298e-02
1.239999999999999769e+00,-6.460519481037446665e-02
1.242500000000000160e+00,-6.592650320675924602e-02
1.242500000000000160e+00,-6.727432203830224777e-02
1.244999999999999885e+00,-6.864738220326865870e-02
1.247500000000000053e+00,-7.004440594398103626e-02
1.247500000000000053e+00,-7.146410747156400900e-02
1.250000000000000000e+00,-7.290519359337571670e-02
1.250000000000000000e+00,-7.436636434272630991e-02
1.252499999999999947e+00,-7.584631361086130452e-02
1.254999999999999893e+00,-7.734372978065467974e-02
1.254999999999999893e+00,-7.885729636176747048e-02
1.257500000000000062e+00,-8.038569262727185416e-02
1.259999999999999787e+00,-8.192759425109680249e-02
1.259999999999999787e+00,-8.348167394611766268e-02
1.262500000000000178e+00,-8.504660210280085009e-02
1.264999999999999902e+00,-8.662104742787074541e-02
1.264999999999999902e+00,-8.820367758282116055e-02
1.267500000000000071e+00,-8.979315982202712432e-02
1.270000000000000018e+00,-9.138816163012392080e-02
1.270000000000000018e+00,-9.298735135832031373e-02
1.272499999999999964e+00,-9.458939885953493443e-02
1.274999999999999911e+00,-9.619297612193394853e-02
1.277500000000000080e+00,-9.779675790051473028e-02
1.277500000000000080e+00,-9.939942234677995314e-02
1.279999999999999805e+00,-1.009996516358359631e-01
1.282500000000000195e+00,-1.025961325908932298e-01
1.282500000000000195e+00,-1.041875573048802184e-01
1.284999999999999920e+00,-1.057726237587487961e-01
1.287500000000000089e+00,-1.073500364363379478e-01
1.287500000000000089e+00,-1.089185069355071422e-01
1.290000000000000036e+00,-1.104767545752506908e-01
1.292499999999999982e+00,-1.120235069984600318e-01
1.292499999999999982e+00,-1.135575007702673278e-01
1.294999999999999929e+00,-1.150774819714818764e-01
1.297500000000000098e+00,-1.165822067869861089e-01
1.297500000000000098e+00,-1.180704420889135409e-01
1.299999999999999822e+00,-1.195409660141201758e-01
1.302500000000000213e+00,-1.209925685359049541e-01
1.302500000000000213e+00,-1.224240520297127932e-01
1.304999999999999938e+00,-1.238342318324205382e-01
1.307500000000000107e+00,-1.252219367951836193e-01
1.307500000000000107e+00,-1.265860098294881442e-01
1.310000000000000053e+00,-1.279253084460753587e-01
1.312500000000000000e+00,-1.292387052867384756e-01
1.312500000000000000e+00,-1.305250886485921913e-01
1.314999999999999947e+00,-1.317833630006150503e-01
1.317500000000000115e+00,-1.330124494923314304e-01
1.317500000000000115e+00,-1.342112864542556738e-01
1.319999999999999840e+00,-1.353788298901205667e-01
1.322500000000000231e+00,-1.365140539604238756e-01
1.322500000000000231e+00,-1.376159514571819176e-01
1.324999999999999956e+00,-1.386835342699123674e-01
1.327500000000000124e+00,-1.397158338422245794e-01
1.327500000000000124e+00,-1.407119016191062388e-01
1.330000000000000071e+00,-1.416708094847731192e-01
1.330000000000000071e+00,-1.425916501906600575e-01
1.332500000000000018e+00,-1.434735377735531503e-01
1.334999999999999964e+00,-1.443156079636189193e-01
1.334999999999999964e+00,-1.451170185821528125e-01
1.337500000000000133e+00,-1.458769499289360172e-01
1.337500000000000133e+00,-1.465946051589785415e-01
1.339999999999999858e+00,-1.472692106485375407e-01
1.339999999999999858e+00,-1.479000163502332543e-01
1.339999999999999858e+00,-1.484862961370849166e-01
1.342500000000000249e+00,-1.490273481354000285e-01
1.342500000000000249e+00,-1.495224950462949454e-01
1.342500000000000249e+00,-1.499710844558467815e-01
1.344999999999999973e+00,-1.503724891335879721e-01
1.344999999999999973e+00,-1.507261073192546763e-01
1.344999999999999973e+00,-1.510313629978334293e-01
1.344999999999999973e+00,-1.512877061626173858e-01
1.347500000000000142e+00,-1.514946130661611323e-01
1.347500000000000142e+00,-1.516515864591784779e-01
1.347500000000000142e+00,-1.517581558172277911e-01
1.347500000000000142e+00,-1.518138775549406350e-01
1.347500000000000142e+00,-1.518183352279713350e-01
1.347500000000000142e+00,-1.517711397224454362e-01
1.347500000000000142e+00,-1.516719294317738220e-01
1.347500000000000142e+00,-1.515203704208324953e-01
1.347500000000000142e+00,-1.513161565775968387e-01
1.347500000000000142e+00,-1.510590097519194930e-01
1.347500000000000142e+00,-1.507486798814296480e-01
1.347500000000000142e+00,-1.503849451047757912e-01
1.347500000000000142e+00,-1.499676118618344378e-01
1.344999999999999973e+00,-1.494965149810624783e-01
1.344999999999999973e+00,-1.489715177539709390e-01
1.344999999999999973e+00,-1.483925119964981110e-01
1.344999999999999973e+00,-1.477594180974152738e-01
1.344999999999999973e+00,-1.470721850538760367e-01
1.342500000000000249e+00,-1.463307904938206394e-01
1.342500000000000249e+00,-1.455352406853906433e-01
1.342500000000000249e+00,-1.446855705334872400e-01
1.342500000000000249e+00,-1.437818435631623148e-01
1.339999999999999858e+00,-1.428241518900865148e-01
1.339999999999999858e+00,-1.418126161782275463e-01
1.339999999999999858e+00,-1.407473855844500465e-01
1.339999999999999858e+00,-1.396286376902146631e-01
1.337500000000000133e+00,-1.384565784205317729e-01
1.337500000000000133e+00,-1.372314419501476368e-01
1.337500000000000133e+00,-1.359534905968963758e-01
1.334999999999999964e+00,-1.346230147023287915e-01
1.334999999999999964e+00,-1.332403324998400751e-01
1.334999999999999964e+00,-1.318057899701187696e-01
1.332500000000000018e+00,-1.303197606842278478e-01
1.332500000000000018e+00,-1.287826456342068826e-01
1.330000000000000071e+00,-1.271948730512841297e-01
1.330000000000000071e+00,-1.255568982119427690e-01
1.327500000000000124e+00,-1.238692032318413072e-01
1.327500000000000124e+00,-1.221322968477213666e-01
1.324999999999999956e+00,-1.203467141871918389e-01
1.324999999999999956e+00,-1.185130165269223101e-01
1.322500000000000231e+00,-1.166317910390015089e-01
1.322500000000000231e+00,-1.147036505256384120e-01
1.319999999999999840e+00,-1.127292331425834848e-01
1.317500000000000115e+00,-1.107092021110258062e-01
1.317500000000000115e+00,-1.086442454183657591e-01
1.314999999999999947e+00,-1.065350755078854905e-01
1.312500000000000000e+00,-1.043824289575169817e-01
1.310000000000000053e+00,-1.021870661479075681e-01
1.310000000000000053e+00,-9.994977091976070538e-02
1.307500000000000107e+00,-9.767135022065182026e-02
1.304999999999999938e+00,-9.535263374174113293e-02
1.302500000000000213e+00,-9.299447354425022239e-02
1.299999999999999822e+00,-9.059774367592438038e-02
1.297500000000000098e+00,-8.816333977776941166e-02
1.297500000000000098e+00,-8.569217868112949388e-02
1.294999999999999929e+00,-8.318519799543916404e-02
1.292499999999999982e+00,-8.064335568664943166e-02
1.290000000000000036e+00,-7.806762964657226744e-02
1.287500000000000089e+00,-7.545901725347653466e-02
1.284999999999999920e+00,-7.281853492397977190e-02
1.282500000000000195e+00,-7.014721765645787199e-02
1.279999999999999805e+00,-6.744611856626131496e-02
1.277500000000000080e+00,-6.471630841287118185e-02
1.272499999999999964e+00,-6.195887511919478952e-02
1.270000000000000018e+00,-5.917492328335621776e-02
1.267500000000000071e+00,-5.636557368295952442e-02
1.264999999999999902e+00,-5.353196277229094191e-02
1.262500000000000178e+00,-5.067524217257107777e-02
1.259999999999999787e+00,-4.779657815539034571e-02
1.257500000000000062e+00,-4.489715111981612550e-02
1.252499999999999947e+00,-4.197815506314944711e-02
1.250000000000000000e+00,-3.904079704566426612e-02
1.247500000000000053e+00,-3.608629664957357930e-02
1.244999999999999885e+00,-3.311588543257765194e-02
1.242500000000000160e+00,-3.013080637597215228e-02
1.237500000000000044e+00,-2.713231332771587345e-02
1.234999999999999876e+00,-2.412167044083551870e-02
1.232499999999999929e+00,-2.110015160716754989e-02
1.229999999999999982e+00,-1.806903988677016626e-02
1.224999999999999867e+00,-1.502962693342729805e-02
1.222500000000000142e+00,-1.198321241622241073e-02
1.220000000000000195e+00,-8.931103437626208841e-03
1.217500000000000027e+00,-5.874613948386897544e-03
1.215000000000000080e+00,-2.815064159200797445e-03
1.209999999999999964e+00,2.462200501705535949e-04
1.207500000000000018e+00,3.307907724359016033e-03
1.205000000000000071e+00,6.368663428202137045e-03
1.200000000000000178e+00,9.427147844376204677e-03
1.197500000000000009e+00,1.248201837273904546e-02
1.195000000000000062e+00,1.553192973127154319e-02
1.192500000000000115e+00,1.857553455810717624e-02
1.187500000000000000e+00,2.161148401451634671e-02
1.185000000000000053e+00,2.463842838846802552e-02
1.182500000000000107e+00,2.765501769870210014e-02
1.180000000000000160e+00,3.065990229889054008e-02
1.175000000000000044e+00,3.365173348159872235e-02
1.172500000000000098e+00,3.662916408200250773e-02
1.169999999999999929e+00,3.959084908076154763e-02
1.167499999999999982e+00,4.253544620602661697e-02
1.162500000000000089e+00,4.546161653438113293e-02
1.160000000000000142e+00,4.836802509016174811e-02
1.157499999999999973e+00,5.125334144314691587e-02
1.155000000000000027e+00,5.411624030430256527e-02
1.152500000000000080e+00,5.695540211916300111e-02
1.147499999999999964e+00,5.976951365889143775e-02
1.145000000000000018e+00,6.255726860850946425e-02
1.142500000000000071e+00,6.531736815210670288e-02
1.140000000000000124e+00,6.804852155480861642e-02
1.137499999999999956e+00,7.074944674126931732e-02
1.132500000000000062e+00,7.341887087036741422e-02
1.129999999999999893e+00,7.605553090586064657e-02
1.127499999999999947e+00,7.865817418286608076e-02
1.125000000000000000e+00,8.122555896979949397e-02
1.122500000000000053e+00,8.375645502551859467e-02
1.120000000000000107e+00,8.624964415154795505e-02
1.117499999999999938e+00,8.870392073908589525e-02
1.114999999999999991e+00,9.111809231046025248e-02
1.112500000000000044e+00,9.349098005496642161e-02
1.109999999999999876e+00,9.582141935881011152e-02
1.107499999999999929e+00,9.810826032878844360e-02
1.104999999999999982e+00,1.003503683096649834e-01
1.102500000000000036e+00,1.025466243949278433e-01
1.100000000000000089e+00,1.046959259307199130e-01
1.097500000000000142e+00,1.067971870127524814e-01
1.095000000000000195e+00,1.088493389759468966e-01
1.095000000000000195e+00,1.108513308765933236e-01
1.092500000000000027e+00,1.128021299668822697e-01
1.090000000000000080e+00,1.147007221615313211e-01
1.087500000000000133e+00,1.165461124963849682e-01
1.084999999999999964e+00,1.183373255786988598e-01
1.084999999999999964e+00,1.200734060289641580e-01
1.082500000000000018e+00,1.217534189141498691e-01
1.080000000000000071e+00,1.233764501720189810e-01
1.080000000000000071e+00,1.249416070264962042e-01
1.077500000000000124e+00,1.264480183938208602e-01
1.075000000000000178e+00,1.278948352793516929e-01
1.075000000000000178e+00,1.292812311648126600e-01
1.072500000000000009e+00,1.306064023858686807e-01
1.072500000000000009e+00,1.318695684998315021e-01
1.070000000000000062e+00,1.330699726433735575e-01
1.067500000000000115e+00,1.342068818800499774e-01
1.067500000000000115e+00,1.352795875375177315e-01
1.067500000000000115e+00,1.362874055343297752e-01
1.064999999999999947e+00,1.372296766961154657e-01
1.064999999999999947e+00,1.381057670610584265e-01
1.062500000000000000e+00,1.389150681744942273e-01
1.062500000000000000e+00,1.396569973725501623e-01
1.062500000000000000e+00,1.403309980547050029e-01
1.060000000000000053e+00,1.409365399451688039e-01
1.060000000000000053e+00,1.414731193428496181e-01
1.060000000000000053e+00,1.419402593600181395e-01
1.060000000000000053e+00,1.423375101494038231e-01
1.060000000000000053e+00,1.426644491196447651e-01
1.057500000000000107e+00,1.429206811391246501e-01
1.057500000000000107e+00,1.431058387279525168e-01
1.057500000000000107e+00,1.432195822381408523e-01
1.057500000000000107e+00,1.432616000217932783e-01
1.057500000000000107e+00,1.432316085873018285e-01
1.057500000000000107e+00,1.431293527435316126e-01
1.057500000000000107e+00,1.429546057318485386e-01
1.057500000000000107e+00,1.427071693459456836e-01
1.060000000000000053e+00,1.423868740394794163e-01
1.060000000000000053e+00,1.419935790214708615e-01
1.060000000000000053e+00,1.415271723393394798e-01
1.060000000000000053e+00,1.409875709496464791e-01
1.060000000000000053e+00,1.403747207765258520e-01
1.062500000000000000e+00,1.396885967576476095e-01
1.062500000000000000e+00,1.389292028778464361e-01
1.062500000000000000e+00,1.380965721903602561e-01
1.064999999999999947e+00,1.371907668256232005e-01
1.064999999999999947e+00,1.362118779877128927e-01
1.067500000000000115e+00,1.351600259383521352e-01
1.067500000000000115e+00,1.340353599684983021e-01
1.070000000000000062e+00,1.328380583576869722e-01
1.070000000000000062e+00,1.315683283209077570e-01
1.072500000000000009e+00,1.302264059432121646e-01
1.072500000000000009e+00,1.288125561020646015e-01
1.075000000000000178e+00,1.273270723773587965e-01
1.077500000000000124e+00,1.257702769493549977e-01
1.077500000000000124e+00,1.241425204843825125e-01
1.080000000000000071e+00,1.224441820084630206e-01
1.082500000000000018e+00,1.206756687688990692e-01
1.082500000000000018e+00,1.188374160838832627e-01
1.084999999999999964e+00,1.169298871802169626e-01
1.087500000000000133e+00,1.149535730191940108e-01
1.090000000000000080e+00,1.129089921107271910e-01
1.092500000000000027e+00,1.107966903157840410e-01
1.092500000000000027e+00,1.086172406373096533e-01
1.095000000000000195e+00,1.063712429996586661e-01
1.097500000000000142e+00,1.040593240165697542e-01
1.100000000000000089e+00,1.016821367479490701e-01
1.102500000000000036e+00,9.924036044545153645e-02
1.104999999999999982e+00,9.673470028702652046e-02
1.107499999999999929e+00,9.416588710051670974e-02
1.109999999999999876e+00,9.153467707641010920e-02
1.112500000000000044e+00,8.884185146998940796e-02
1.114999999999999991e+00,8.608821629288981869e-02
1.120000000000000107e+00,8.327460199420971820e-02
1.122500000000000053e+00,8.040186313138503182e-02
1.125000000000000000e+00,7.747087803098279268e-02
1.127499999999999947e+00,7.448254843941387593e-02
1.129999999999999893e+00,7.143779916390907703e-02
1.135000000000000009e+00,6.833757770381404528e-02
1.137499999999999956e+00,6.518285387231409489e-02
1.140000000000000124e+00,6.197461940893306265e-02
1.145000000000000018e+00,5.871388758281731457e-02
1.147499999999999964e+00,5.540169278700474154e-02
1.149999999999999911e+00,5.203909012390078859e-02
1.155000000000000027e+00,4.862715498215025578e-02
1.157499999999999973e+00,4.516698260501589290e-02
1.160000000000000142e+00,4.165968765054134382e-02
1.165000000000000036e+00,3.810640374360946270e-02
1.167499999999999982e+00,3.450828302015135352e-02
1.172500000000000098e+00,3.086649566371707509e-02
1.175000000000000044e+00,2.718222943451903406e-02
1.180000000000000160e+00,2.345668919123672369e-02
1.182500000000000107e+00,1.969109640576044429e-02
1.187500000000000000e+00,1.588668867110715199e-02
1.189999999999999947e+00,1.204471920270827612e-02
1.195000000000000062e+00,8.166456333224936248e-03
1.197500000000000009e+00,4.253183001223626025e-03
1.202500000000000124e+00,3.061962338788970506e-04
1.207500000000000018e+00,-3.673193376097116936e-03
1.209999999999999964e+00,-7.683662199042984309e-03
1.215000000000000080e+00,-1.172387410226533033e-02
1.217500000000000027e+00,-1.579248098895219554e-02
1.222500000000000142e+00,-1.988812334196027320e-02
1.227500000000000036e+00,-2.400943077220957234e-02
1.229999999999999982e+00,-2.815502257140795050e-02
1.234999999999999876e+00,-3.232350826892788076e-02
1.237500000000000044e+00,-3.651348819255789691e-02
1.242500000000000160e+00,-4.072355403289557030e-02
1.247500000000000053e+00,-4.495228941111556464e-02
1.250000000000000000e+00,-4.919827044992403087e-02
1.254999999999999893e+00,-5.346006634744399078e-02
1.259999999999999787e+00,-5.773623995369864259e-02
1.262500000000000178e+00,-6.202534834954825937e-02
1.267500000000000071e+00,-6.632594342782532904e-02
1.270000000000000018e+00,-7.063657247635707348e-02
1.274999999999999911e+00,-7.495577876260889338e-02
1.279999999999999805e+00,-7.928210211984881850e-02
1.282500000000000195e+00,-8.361407953443328323e-02
1.287500000000000089e+00,-8.795024573399218282e-02
1.292499999999999982e+00,-9.228913377631337012e-02
1.294999999999999929e+00,-9.662927563861573033e-02
1.299999999999999822e+00,-1.009692028069998915e-01
1.304999999999999938e+00,-1.053074468658323215e-01
1.307500000000000107e+00,-1.096425400867741540e-01
1.312500000000000000e+00,-1.139730160172104934e-01
1.317500000000000115e+00,-1.182974100678581553e-01
1.319999999999999840e+00,-1.226142600993075926e-01
1.324999999999999956e+00,-1.269221070071770430e-01
1.327500000000000124e+00,-1.312194953057012614e-01
1.332500000000000018e+00,-1.355049737095327944e-01
1.337500000000000133e+00,-1.397770957134116254e-01
1.339999999999999858e+00,-1.440344201695144544e-01
1.344999999999999973e+00,-1.482755118622837709e-01
1.347500000000000142e+00,-1.524989420803925522e-01
1.352500000000000036e+00,-1.567032891856558474e-01
1.354999999999999982e+00,-1.608871391787116134e-01
1.359999999999999876e+00,-1.650490862611377341e-01
1.362500000000000266e+00,-1.691877333937498729e-01
1.367500000000000160e+00,-1.733016928509691357e-01
1.370000000000000107e+00,-1.773895867709375795e-01
1.375000000000000000e+00,-1.814500477011151136e-01
1.377500000000000169e+00,-1.854817191392911790e-01
1.382499999999999840e+00,-1.894832560695560164e-01
1.384999999999999787e+00,-1.934533254931538049e-01
1.387499999999999956e+00,-1.973906069540622421e-01
1.392500000000000071e+00,-2.012937930588544755e-01
1.394999999999999796e+00,-2.051615899907989760e-01
1.397499999999999964e+00,-2.089927180179975141e-01
1.402499999999999858e+00,-2.127859119952059674e-01
1.404999999999999805e+00,-2.165399218592491404e-01
1.407499999999999973e+00,-2.202535131178186556e-01
1.410000000000000142e+00,-2.239254673313652577e-01
1.414999999999999813e+00,-2.275545825879856099e-01
1.417499999999999982e+00,-2.311396739710371295e-01
1.420000000000000151e+00,-2.346795740192921254e-01
1.422499999999999876e+00,-2.381731331795535200e-01
1.424999999999999822e+00,-2.416192202513324783e-01
1.430000000000000160e+00,-2.450167228236101447e-01
1.432500000000000107e+00,-2.483645477033948334e-01
1.434999999999999831e+00,-2.516616213358970344e-01
1.437500000000000000e+00,-2.549068902162223149e-01
1.440000000000000169e+00,-2.580993212923489710e-01
1.442499999999999893e+00,-2.612379023592349969e-01
1.444999999999999840e+00,-2.643216424438989409e-01
1.447500000000000009e+00,-2.673495721813636261e-01
1.450000000000000178e+00,-2.703207441812073841e-01
1.452500000000000124e+00,-2.732342333846783933e-01
1.454999999999999849e+00,-2.760891374121944852e-01
1.457500000000000018e+00,-2.788845769010396825e-01
1.460000000000000187e+00,-2.816196958331908529e-01
1.462499999999999911e+00,-2.842936618531079485e-01
1.464999999999999858e+00,-2.869056665753434987e-01
1.464999999999999858e+00,-2.894549258819158477e-01
1.467500000000000027e+00,-2.919406802092573971e-01
1.470000000000000195e+00,-2.943621948246379350e-01
1.472500000000000142e+00,-2.967187600920186408e-01
1.472500000000000142e+00,-2.990096917271258259e-01
1.474999999999999867e+00,-3.012343310416999986e-01
1.477500000000000036e+00,-3.033920451768869486e-01
1.477500000000000036e+00,-3.054822273255821119e-01
1.480000000000000204e+00,-3.075042969436727058e-01
1.482499999999999929e+00,-3.094576999500999182e-01
1.482499999999999929e+00,-3.113419089157300479e-01
1.484999999999999876e+00,-3.131564232408125537e-01
1.484999999999999876e+00,-3.149007693211360315e-01
1.487500000000000044e+00,-3.165745007027155888e-01
1.487500000000000044e+00,-3.181771982249338993e-01
1.490000000000000213e+00,-3.197084701522025507e-01
1.492500000000000160e+00,-3.211679522939549503e-01
1.492500000000000160e+00,-3.225553081130596023e-01
1.494999999999999885e+00,-3.238702288225205339e-01
1.494999999999999885e+00,-3.251124334704759700e-01
1.497500000000000053e+00,-3.262816690135063591e-01
1.500000000000000222e+00,-3.273777103781296272e-01
1.500000000000000222e+00,-3.284003605105724755e-01
1.502499999999999947e+00,-3.293494504147622126e-01
1.504999999999999893e+00,-3.302248391785058135e-01
1.507500000000000062e+00,-3.310264139879450229e-01
0.000000000000000000e+00,0.000000000000000000e+00
