Time,Follower_X,Follower_Y,Follower_Theta
0.0,-0.9,0.0,0.0
0.1,-0.8,0.0,0.0
0.2,-0.7000000000000001,0.0,0.0
0.30000000000000004,-0.6000000000000001,0.0,0.0
0.4,-0.5000000000000001,0.0,0.0
0.5,-0.40000000000000013,0.0,0.0
0.6000000000000001,-0.30000000000000016,0.0,0.0
0.7000000000000001,-0.20000000000000015,0.0,0.0
0.8,-0.10000000000000014,0.0,0.0
0.9,-1.3877787807814457e-16,0.0,0.0
1.0,0.09999999999999987,0.0,0.0
1.1,0.19999999999999987,0.0,0.0
1.2000000000000002,0.2999999999999999,0.0,0.0
1.3,0.3999999999999999,0.0,0.0
1.4000000000000001,0.4999999999999999,0.0,0.0
1.5,0.5999999999999999,0.0,0.0
1.6,0.6999999999999998,0.0,0.0
1.7000000000000002,0.7999999999999998,0.0,0.0
1.8,0.8999999999999998,0.0,0.0
1.9000000000000001,0.9999999999999998,0.0,0.0
2.0,1.0999999999999999,0.0,0.0
2.1,1.2,0.0,0.0
2.2,1.3,0.0,0.0
2.3000000000000003,1.4000000000000001,0.0,0.0
2.4000000000000004,1.5000000000000002,0.0,0.0
2.5,1.6000000000000003,0.0,0.0
2.6,1.7000000000000004,0.0,0.0
2.7,1.8000000000000005,0.0,0.0
2.8000000000000003,1.9000000000000006,0.0,0.0
2.9000000000000004,2.0000000000000004,0.0,0.0
3.0,2.1000000000000005,0.0,0.0
3.1,2.2000000000000006,0.0,0.0
3.2,2.3000000000000007,0.0,0.0
3.3000000000000003,2.400000000000001,0.0,0.0
3.4000000000000004,2.500000000000001,0.0,0.0
3.5,2.600000000000001,0.0,0.0
3.6,2.700000000000001,0.0,0.0
3.7,2.800000000000001,0.0,0.0
3.8000000000000003,2.9000000000000012,0.0,0.0
3.9000000000000004,3.0000000000000013,0.0,0.0
4.0,3.1000000000000014,0.0,0.0
4.1000000000000005,3.2000000000000015,0.0,0.0
4.2,3.3000000000000016,0.0,0.0
4.3,3.4000000000000017,0.0,0.0
4.4,3.5000000000000018,0.0,0.0
4.5,3.600000000000002,0.0,0.0
4.6000000000000005,3.700000000000002,0.0,0.0
4.7,3.800000000000002,0.0,0.0
4.800000000000001,3.900000000000002,0.0,0.0
4.9,4.000000000000002,0.0,0.0
5.0,4.100000000000001,0.0,0.0
5.1000000000000005,4.200000000000001,0.0,0.0
5.2,4.300000000000001,0.0,0.0
5.300000000000001,4.4,0.0,0.0
5.4,4.5,0.0,0.0
5.5,4.6,0.0,0.0
5.6000000000000005,4.699999999999999,0.0,0.0
5.7,4.799999999999999,0.0,0.0
5.800000000000001,4.899999999999999,0.0,0.0
5.9,4.999999999999998,0.0,0.0
6.0,5.099999999999998,0.0,0.0
6.1000000000000005,5.1999999999999975,0.0,0.0
6.2,5.299999999999997,0.0,0.0
6.300000000000001,5.399999999999997,0.0,0.0
6.4,5.4999999999999964,0.0,0.0
6.5,5.599999999999996,0.0,0.0
6.6000000000000005,5.699999999999996,0.0,0.0
6.7,5.799999999999995,0.0,0.0
6.800000000000001,5.899999999999995,0.0,0.0
6.9,5.999999999999995,0.0,0.0
7.0,6.099999999999994,0.0,0.0
7.1000000000000005,6.199999999999994,0.0,0.0
7.2,6.299999999999994,0.0,0.0
7.300000000000001,6.399999999999993,0.0,0.0
7.4,6.499999999999993,0.0,0.0
7.5,6.5999999999999925,0.0,0.0
7.6000000000000005,6.699999999999992,0.0,0.0
7.7,6.799999999999992,0.0,0.0
7.800000000000001,6.8999999999999915,0.0,0.0
7.9,6.999999999999991,0.0,0.0
8.0,7.099999999999991,0.0,0.0
8.1,7.19999999999999,0.0,0.0
8.200000000000001,7.29999999999999,0.0,0.0
8.3,7.39999999999999,0.0,0.0
8.4,7.499999999999989,0.0,0.0
8.5,7.599999999999989,0.0,0.0
8.6,7.699999999999989,0.0,0.0
8.700000000000001,7.799999999999988,0.0,0.0
8.8,7.899999999999988,0.0,0.0
8.9,7.999999999999988,0.0,0.0
9.0,8.099999999999987,0.0,0.0
9.1,8.199999999999987,0.0,0.0
9.200000000000001,8.299999999999986,0.0,0.0
9.3,8.399999999999986,0.0,0.0
9.4,8.499999999999986,0.0,0.0
9.5,8.599999999999985,0.0,0.0
9.600000000000001,8.699999999999985,0.0,0.0
9.700000000000001,8.799999999999985,0.0,0.0
9.8,8.899999999999984,0.0,0.0
9.9,8.999999999999984,0.0,0.0
10.0,9.099999999999984,0.0,0.0
10.100000000000001,9.199999999999983,0.0,0.0
10.200000000000001,9.299999999999983,0.0,0.0
10.3,9.399999999999983,0.0,0.0
10.4,9.499999999999982,0.0,0.0
10.5,9.599999999999982,0.0,0.0
10.600000000000001,9.699999999999982,0.0,0.0
10.700000000000001,9.799999999999981,0.0,0.0
10.8,9.89999999999998,0.0,0.0
10.9,9.99999999999998,0.0,0.0
11.0,10.09999999999998,0.0,0.0
11.100000000000001,10.19999999999998,0.0,0.0
11.200000000000001,10.29999999999998,0.0,0.0
11.3,10.399999999999979,0.0,0.0
11.4,10.499999999999979,0.0,0.0
11.5,10.599999999999978,0.0,0.0
11.600000000000001,10.699999999999978,0.0,0.0
11.700000000000001,10.799999999999978,0.0,0.0
11.8,10.899999999999977,0.0,0.0
11.9,10.999999999999977,0.0,0.0
12.0,11.099999999999977,0.0,0.0
12.100000000000001,11.199999999999976,0.0,0.0
12.200000000000001,11.299999999999976,0.0,0.0
12.3,11.399999999999975,0.0,0.0
12.4,11.499999999999975,0.0,0.0
12.5,11.599999999999975,0.0,0.0
12.600000000000001,11.699999999999974,0.0,0.0
12.700000000000001,11.799999999999974,0.0,0.0
12.8,11.899999999999974,0.0,0.0
12.9,11.999999999999973,0.0,0.0
13.0,12.099999999999973,0.0,0.0
13.100000000000001,12.199999999999973,0.0,0.0
13.200000000000001,12.299999999999972,0.0,0.0
13.3,12.399999999999972,0.0,0.0
13.4,12.499999999999972,0.0,0.0
13.5,12.599999999999971,0.0,0.0
13.600000000000001,12.69999999999997,0.0,0.0
13.700000000000001,12.79999999999997,0.0,0.0
13.8,12.89999999999997,0.0,0.0
13.9,12.99999999999997,0.0,0.0
14.0,13.09999999999997,0.0,0.0
14.100000000000001,13.199999999999969,0.0,0.0
14.200000000000001,13.299999999999969,0.0,0.0
14.3,13.399999999999968,0.0,0.0
14.4,13.499999999999968,0.0,0.0
14.5,13.599999999999968,0.0,0.0
14.600000000000001,13.699999999999967,0.0,0.0
14.700000000000001,13.799999999999967,0.0,0.0
14.8,13.899999999999967,0.0,0.0
14.9,13.999999999999966,0.0,0.0
15.0,14.099999999999966,0.0,0.0
15.100000000000001,14.199999999999966,0.0,0.0
15.200000000000001,14.299999999999965,0.0,0.0
15.3,14.399999999999965,0.0,0.0
15.4,14.499999999999964,0.0,0.0
15.5,14.599999999999964,0.0,0.0
15.600000000000001,14.699999999999964,0.0,0.0
15.700000000000001,14.799999999999963,0.0,0.0
15.8,14.899999999999963,0.0,0.0
15.9,14.999999999999963,0.0,0.0
16.0,15.099999999999962,0.0,0.0
16.1,15.199999999999962,0.0,0.0
16.2,15.299999999999962,0.0,0.0
16.3,15.399999999999961,0.0,0.0
16.400000000000002,15.499999999999961,0.0,0.0
16.5,15.59999999999996,0.0,0.0
16.6,15.69999999999996,0.0,0.0
16.7,15.79999999999996,0.0,0.0
16.8,15.89999999999996,0.0,0.0
16.900000000000002,15.99999999999996,0.0,0.0
17.0,16.09999999999996,0.0,0.0
17.1,16.19999999999996,0.0,0.0
17.2,16.29999999999996,0.0,0.0
17.3,16.399999999999963,0.0,0.0
17.400000000000002,16.499999999999964,0.0,0.0
17.5,16.599999999999966,0.0,0.0
17.6,16.699999999999967,0.0,0.0
17.7,16.79999999999997,0.0,0.0
17.8,16.89999999999997,0.0,0.0
17.900000000000002,16.99999999999997,0.0,0.0
18.0,17.099999999999973,0.0,0.0
18.1,17.199999999999974,0.0,0.0
18.2,17.299999999999976,0.0,0.0
18.3,17.399999999999977,0.0,0.0
18.400000000000002,17.49999999999998,0.0,0.0
18.5,17.59999999999998,0.0,0.0
18.6,17.69999999999998,0.0,0.0
18.7,17.799999999999983,0.0,0.0
18.8,17.899999999999984,0.0,0.0
18.900000000000002,17.999999999999986,0.0,0.0
19.0,18.099999999999987,0.0,0.0
19.1,18.19999999999999,0.0,0.0
19.200000000000003,18.29999999999999,0.0,0.0
19.3,18.39999999999999,0.0,0.0
19.400000000000002,18.499999999999993,0.0,0.0
19.5,18.599999999999994,0.0,0.0
19.6,18.699999999999996,0.0,0.0
19.700000000000003,18.799999999999997,0.0,0.0
19.8,18.9,0.0,0.0
19.900000000000002,19.0,0.0,0.0
20.0,19.1,0.0,0.0
20.1,19.200000000000003,0.0,0.0
20.200000000000003,19.300000000000004,0.0,0.0
20.3,19.400000000000006,0.0,0.0
20.400000000000002,19.500000000000007,0.0,0.0
20.5,19.60000000000001,0.0,0.0
20.6,19.70000000000001,0.0,0.0
20.700000000000003,19.80000000000001,0.0,0.0
20.8,19.900000000000013,0.0,0.0
20.900000000000002,20.000000000000014,0.0,0.0
21.0,20.100000000000016,0.0,0.0
21.1,20.200000000000017,0.0,0.0
21.200000000000003,20.30000000000002,0.0,0.0
21.3,20.40000000000002,0.0,0.0
21.400000000000002,20.50000000000002,0.0,0.0
21.5,20.600000000000023,0.0,0.0
21.6,20.700000000000024,0.0,0.0
21.700000000000003,20.800000000000026,0.0,0.0
21.8,20.900000000000027,0.0,0.0
21.900000000000002,21.00000000000003,0.0,0.0
22.0,21.10000000000003,0.0,0.0
22.1,21.20000000000003,0.0,0.0
22.200000000000003,21.300000000000033,0.0,0.0
22.3,21.400000000000034,0.0,0.0
22.400000000000002,21.500000000000036,0.0,0.0
22.5,21.600000000000037,0.0,0.0
22.6,21.70000000000004,0.0,0.0
22.700000000000003,21.80000000000004,0.0,0.0
22.8,21.90000000000004,0.0,0.0
22.900000000000002,22.000000000000043,0.0,0.0
23.0,22.100000000000044,0.0,0.0
23.1,22.200000000000045,0.0,0.0
23.200000000000003,22.300000000000047,0.0,0.0
23.3,22.40000000000005,0.0,0.0
23.400000000000002,22.50000000000005,0.0,0.0
23.5,22.60000000000005,0.0,0.0
23.6,22.700000000000053,0.0,0.0
23.700000000000003,22.800000000000054,0.0,0.0
23.8,22.900000000000055,0.0,0.0
23.900000000000002,23.000000000000057,0.0,0.0
24.0,23.10000000000006,0.0,0.0
24.1,23.20000000000006,0.0,0.0
24.200000000000003,23.30000000000006,0.0,0.0
24.3,23.400000000000063,0.0,0.0
24.400000000000002,23.500000000000064,0.0,0.0
24.5,23.600000000000065,0.0,0.0
24.6,23.700000000000067,0.0,0.0
24.700000000000003,23.800000000000068,0.0,0.0
24.8,23.90000000000007,0.0,0.0
24.900000000000002,24.00000000000007,0.0,0.0
25.0,24.100000000000072,0.0,0.0
25.1,24.200000000000074,0.0,0.0
25.200000000000003,24.300000000000075,0.0,0.0
25.3,24.400000000000077,0.0,0.0
25.400000000000002,24.500000000000078,0.0,0.0
25.5,24.60000000000008,0.0,0.0
25.6,24.70000000000008,0.0,0.0
25.700000000000003,24.800000000000082,0.0,0.0
25.8,24.900000000000084,0.0,0.0
25.900000000000002,25.000000000000085,0.0,0.0
26.0,25.100000000000087,0.0,0.0
26.1,25.200000000000088,0.0,0.0
26.200000000000003,25.30000000000009,0.0,0.0
26.3,25.40000000000009,0.0,0.0
26.400000000000002,25.500000000000092,0.0,0.0
26.5,25.600000000000094,0.0,0.0
26.6,25.700000000000095,0.0,0.0
26.700000000000003,25.800000000000097,0.0,0.0
26.8,25.900000000000098,0.0,0.0
26.900000000000002,26.0000000000001,0.0,0.0
27.0,26.1000000000001,0.0,0.0
27.1,26.200000000000102,0.0,0.0
27.200000000000003,26.300000000000104,0.0,0.0
27.3,26.400000000000105,0.0,0.0
27.400000000000002,26.500000000000107,0.0,0.0
27.5,26.600000000000108,0.0,0.0
27.6,26.70000000000011,0.0,0.0
27.700000000000003,26.80000000000011,0.0,0.0
27.8,26.900000000000112,0.0,0.0
27.900000000000002,27.000000000000114,0.0,0.0
28.0,27.100000000000115,0.0,0.0
28.1,27.200000000000117,0.0,0.0
28.200000000000003,27.300000000000118,0.0,0.0
28.3,27.40000000000012,0.0,0.0
28.400000000000002,27.50000000000012,0.0,0.0
28.5,27.600000000000122,0.0,0.0
28.6,27.700000000000124,0.0,0.0
28.700000000000003,27.800000000000125,0.0,0.0
28.8,27.900000000000126,0.0,0.0
28.900000000000002,28.000000000000128,0.0,0.0
29.0,28.10000000000013,0.0,0.0
29.1,28.20000000000013,0.0,0.0
29.200000000000003,28.300000000000132,0.0,0.0
29.3,28.400000000000134,0.0,0.0
29.400000000000002,28.500000000000135,0.0,0.0
29.5,28.600000000000136,0.0,0.0
29.6,28.700000000000138,0.0,0.0
29.700000000000003,28.80000000000014,0.0,0.0
29.8,28.90000000000014,0.0,0.0
29.900000000000002,29.000000000000142,0.0,0.0
30.0,29.100000000000144,0.0,0.0
30.1,29.200000000000145,0.0,0.0
30.200000000000003,29.300000000000146,0.0,0.0
30.3,29.400000000000148,0.0,0.0
30.400000000000002,29.50000000000015,0.0,0.0
30.5,29.60000000000015,0.0,0.0
30.6,29.700000000000152,0.0,0.0
30.700000000000003,29.800000000000153,0.0,0.0
30.8,29.900000000000155,0.0,0.0
30.900000000000002,30.000000000000156,0.0,0.0
31.0,30.100000000000158,0.0,0.0
31.1,30.20000000000016,0.0,0.0
31.200000000000003,30.30000000000016,0.0,0.0
31.3,30.400000000000162,0.0,0.0
31.400000000000002,30.500000000000163,0.0,0.0
31.5,30.600000000000165,0.0,0.0
31.6,30.700000000000166,0.0,0.0
31.700000000000003,30.800000000000168,0.0,0.0
31.8,30.90000000000017,0.0,0.0
31.900000000000002,31.00000000000017,0.0,0.0
32.0,31.100000000000172,0.0,0.0
32.1,31.200000000000173,0.0,0.0
32.2,31.300000000000175,0.0,0.0
32.300000000000004,31.400000000000176,0.0,0.0
32.4,31.500000000000178,0.0,0.0
32.5,31.60000000000018,0.0,0.0
32.6,31.70000000000018,0.0,0.0
32.7,31.800000000000182,0.0,0.0
32.800000000000004,31.900000000000183,0.0,0.0
32.9,32.000000000000185,0.0,0.0
33.0,32.100000000000186,0.0,0.0
33.1,32.20000000000019,0.0,0.0
33.2,32.30000000000019,0.0,0.0
33.300000000000004,32.40000000000019,0.0,0.0
33.4,32.50000000000019,0.0,0.0
33.5,32.60000000000019,0.0,0.0
33.6,32.700000000000195,0.0,0.0
33.7,32.800000000000196,0.0,0.0
33.800000000000004,32.9000000000002,0.0,0.0
33.9,33.0000000000002,0.0,0.0
34.0,33.1000000000002,0.0,0.0
34.1,33.2000000000002,0.0,0.0
34.2,33.3000000000002,0.0,0.0
34.300000000000004,33.400000000000205,0.0,0.0
34.4,33.500000000000206,0.0,0.0
34.5,33.60000000000021,0.0,0.0
34.6,33.70000000000021,0.0,0.0
34.7,33.80000000000021,0.0,0.0
34.800000000000004,33.90000000000021,0.0,0.0
34.9,34.00000000000021,0.0,0.0
35.0,34.100000000000215,0.0,0.0
35.1,34.200000000000216,0.0,0.0
35.2,34.30000000000022,0.0,0.0
35.300000000000004,34.40000000000022,0.0,0.0
35.4,34.50000000000022,0.0,0.0
35.5,34.60000000000022,0.0,0.0
35.6,34.70000000000022,0.0,0.0
35.7,34.800000000000225,0.0,0.0
35.800000000000004,34.900000000000226,0.0,0.0
35.9,35.00000000000023,0.0,0.0
36.0,35.10000000000023,0.0,0.0
36.1,35.20000000000023,0.0,0.0
36.2,35.30000000000023,0.0,0.0
36.300000000000004,35.40000000000023,0.0,0.0
36.4,35.500000000000234,0.0,0.0
36.5,35.600000000000236,0.0,0.0
36.6,35.70000000000024,0.0,0.0
36.7,35.80000000000024,0.0,0.0
36.800000000000004,35.90000000000024,0.0,0.0
36.9,36.00000000000024,0.0,0.0
37.0,36.10000000000024,0.0,0.0
37.1,36.200000000000244,0.0,0.0
37.2,36.300000000000246,0.0,0.0
37.300000000000004,36.40000000000025,0.0,0.0
37.4,36.50000000000025,0.0,0.0
37.5,36.60000000000025,0.0,0.0
37.6,36.70000000000025,0.0,0.0
37.7,36.80000000000025,0.0,0.0
37.800000000000004,36.900000000000254,0.0,0.0
37.9,37.000000000000256,0.0,0.0
38.0,37.10000000000026,0.0,0.0
38.1,37.20000000000026,0.0,0.0
38.2,37.30000000000026,0.0,0.0
38.300000000000004,37.40000000000026,0.0,0.0
38.400000000000006,37.50000000000026,0.0,0.0
38.5,37.600000000000264,0.0,0.0
38.6,37.700000000000266,0.0,0.0
38.7,37.80000000000027,0.0,0.0
38.800000000000004,37.90000000000027,0.0,0.0
38.900000000000006,38.00000000000027,0.0,0.0
39.0,38.10000000000027,0.0,0.0
39.1,38.20000000000027,0.0,0.0
39.2,38.300000000000274,0.0,0.0
39.300000000000004,38.400000000000276,0.0,0.0
39.400000000000006,38.50000000000028,0.0,0.0
39.5,38.60000000000028,0.0,0.0
39.6,38.70000000000028,0.0,0.0
39.7,38.80000000000028,0.0,0.0
39.800000000000004,38.90000000000028,0.0,0.0
39.900000000000006,39.000000000000284,0.0,0.0
40.0,39.100000000000286,0.0,0.0
40.1,39.20000000000029,0.0,0.0
40.2,39.30000000000029,0.0,0.0
40.300000000000004,39.40000000000029,0.0,0.0
40.400000000000006,39.50000000000029,0.0,0.0
40.5,39.60000000000029,0.0,0.0
40.6,39.700000000000294,0.0,0.0
40.7,39.800000000000296,0.0,0.0
40.800000000000004,39.9000000000003,0.0,0.0
40.900000000000006,40.0000000000003,0.0,0.0
41.0,40.1000000000003,0.0,0.0
41.1,40.2000000000003,0.0,0.0
41.2,40.3000000000003,0.0,0.0
41.300000000000004,40.400000000000304,0.0,0.0
41.400000000000006,40.500000000000306,0.0,0.0
41.5,40.60000000000031,0.0,0.0
41.6,40.70000000000031,0.0,0.0
41.7,40.80000000000031,0.0,0.0
41.800000000000004,40.90000000000031,0.0,0.0
41.900000000000006,41.00000000000031,0.0,0.0
42.0,41.100000000000314,0.0,0.0
42.1,41.200000000000315,0.0,0.0
42.2,41.30000000000032,0.0,0.0
42.300000000000004,41.40000000000032,0.0,0.0
42.400000000000006,41.50000000000032,0.0,0.0
42.5,41.60000000000032,0.0,0.0
42.6,41.70000000000032,0.0,0.0
42.7,41.800000000000324,0.0,0.0
42.800000000000004,41.900000000000325,0.0,0.0
42.900000000000006,42.00000000000033,0.0,0.0
43.0,42.10000000000033,0.0,0.0
43.1,42.20000000000033,0.0,0.0
43.2,42.30000000000033,0.0,0.0
43.300000000000004,42.40000000000033,0.0,0.0
43.400000000000006,42.500000000000334,0.0,0.0
43.5,42.600000000000335,0.0,0.0
43.6,42.70000000000034,0.0,0.0
43.7,42.80000000000034,0.0,0.0
43.800000000000004,42.90000000000034,0.0,0.0
43.900000000000006,43.00000000000034,0.0,0.0
44.0,43.10000000000034,0.0,0.0
44.1,43.200000000000344,0.0,0.0
44.2,43.300000000000345,0.0,0.0
44.300000000000004,43.40000000000035,0.0,0.0
44.400000000000006,43.50000000000035,0.0,0.0
44.5,43.60000000000035,0.0,0.0
44.6,43.70000000000035,0.0,0.0
44.7,43.80000000000035,0.0,0.0
44.800000000000004,43.900000000000354,0.0,0.0
44.900000000000006,44.000000000000355,0.0,0.0
45.0,44.10000000000036,0.0,0.0
45.1,44.20000000000036,0.0,0.0
45.2,44.30000000000036,0.0,0.0
45.300000000000004,44.40000000000036,0.0,0.0
45.400000000000006,44.50000000000036,0.0,0.0
45.5,44.600000000000364,0.0,0.0
45.6,44.700000000000365,0.0,0.0
45.7,44.80000000000037,0.0,0.0
45.800000000000004,44.90000000000037,0.0,0.0
45.900000000000006,45.00000000000037,0.0,0.0
46.0,45.10000000000037,0.0,0.0
46.1,45.20000000000037,0.0,0.0
46.2,45.300000000000374,0.0,0.0
46.300000000000004,45.400000000000375,0.0,0.0
46.400000000000006,45.50000000000038,0.0,0.0
46.5,45.60000000000038,0.0,0.0
46.6,45.70000000000038,0.0,0.0
46.7,45.80000000000038,0.0,0.0
46.800000000000004,45.90000000000038,0.0,0.0
46.900000000000006,46.000000000000384,0.0,0.0
47.0,46.100000000000385,0.0,0.0
47.1,46.20000000000039,0.0,0.0
47.2,46.30000000000039,0.0,0.0
47.300000000000004,46.40000000000039,0.0,0.0
47.400000000000006,46.50000000000039,0.0,0.0
47.5,46.60000000000039,0.0,0.0
47.6,46.700000000000394,0.0,0.0
47.7,46.800000000000395,0.0,0.0
47.800000000000004,46.9000000000004,0.0,0.0
47.900000000000006,47.0000000000004,0.0,0.0
48.0,47.1000000000004,0.0,0.0
48.1,47.2000000000004,0.0,0.0
48.2,47.3000000000004,0.0,0.0
48.300000000000004,47.400000000000404,0.0,0.0
48.400000000000006,47.500000000000405,0.0,0.0
48.5,47.600000000000406,0.0,0.0
48.6,47.70000000000041,0.0,0.0
48.7,47.80000000000041,0.0,0.0
48.800000000000004,47.90000000000041,0.0,0.0
48.900000000000006,48.00000000000041,0.0,0.0
49.0,48.10000000000041,0.0,0.0
49.1,48.200000000000415,0.0,0.0
49.2,48.300000000000416,0.0,0.0
49.300000000000004,48.40000000000042,0.0,0.0
49.400000000000006,48.50000000000042,0.0,0.0
49.5,48.60000000000042,0.0,0.0
49.6,48.70000000000042,0.0,0.0
49.7,48.80000000000042,0.0,0.0
49.800000000000004,48.900000000000425,0.0,0.0
49.900000000000006,49.000000000000426,0.0,0.0
50.0,49.10000000000043,0.0,0.0
50.1,49.20000000000043,0.0,0.0
50.2,49.30000000000043,0.0,0.0
50.300000000000004,49.40000000000043,0.0,0.0
50.400000000000006,49.50000000000043,0.0,0.0
50.5,49.600000000000435,0.0,0.0
50.6,49.700000000000436,0.0,0.0
50.7,49.80000000000044,0.0,0.0
50.800000000000004,49.90000000000044,0.0,0.0
50.900000000000006,50.00000000000044,0.0,0.0
51.0,50.10000000000044,0.0,0.0
51.1,50.20000000000044,0.0,0.0
51.2,50.300000000000445,0.0,0.0
51.300000000000004,50.400000000000446,0.0,0.0
51.400000000000006,50.50000000000045,0.0,0.0
51.5,50.60000000000045,0.0,0.0
51.6,50.70000000000045,0.0,0.0
51.7,50.80000000000045,0.0,0.0
51.800000000000004,50.90000000000045,0.0,0.0
51.900000000000006,51.000000000000455,0.0,0.0
52.0,51.100000000000456,0.0,0.0
52.1,51.20000000000046,0.0,0.0
52.2,51.30000000000046,0.0,0.0
52.300000000000004,51.40000000000046,0.0,0.0
52.400000000000006,51.50000000000046,0.0,0.0
52.5,51.60000000000046,0.0,0.0
52.6,51.700000000000465,0.0,0.0
52.7,51.800000000000466,0.0,0.0
52.800000000000004,51.90000000000047,0.0,0.0
52.900000000000006,52.00000000000047,0.0,0.0
53.0,52.10000000000047,0.0,0.0
53.1,52.20000000000047,0.0,0.0
53.2,52.30000000000047,0.0,0.0
53.300000000000004,52.400000000000475,0.0,0.0
53.400000000000006,52.500000000000476,0.0,0.0
53.5,52.60000000000048,0.0,0.0
53.6,52.70000000000048,0.0,0.0
53.7,52.80000000000048,0.0,0.0
53.800000000000004,52.90000000000048,0.0,0.0
53.900000000000006,53.00000000000048,0.0,0.0
54.0,53.100000000000485,0.0,0.0
54.1,53.200000000000486,0.0,0.0
54.2,53.30000000000049,0.0,0.0
54.300000000000004,53.40000000000049,0.0,0.0
54.400000000000006,53.50000000000049,0.0,0.0
54.5,53.60000000000049,0.0,0.0
54.6,53.70000000000049,0.0,0.0
54.7,53.800000000000495,0.0,0.0
54.800000000000004,53.900000000000496,0.0,0.0
54.900000000000006,54.0000000000005,0.0,0.0
55.0,54.1000000000005,0.0,0.0
55.1,54.2000000000005,0.0,0.0
55.2,54.3000000000005,0.0,0.0
55.300000000000004,54.4000000000005,0.0,0.0
55.400000000000006,54.500000000000504,0.0,0.0
55.5,54.600000000000506,0.0,0.0
55.6,54.70000000000051,0.0,0.0
55.7,54.80000000000051,0.0,0.0
55.800000000000004,54.90000000000051,0.0,0.0
55.900000000000006,55.00000000000051,0.0,0.0
56.0,55.10000000000051,0.0,0.0
56.1,55.200000000000514,0.0,0.0
56.2,55.300000000000516,0.0,0.0
56.300000000000004,55.40000000000052,0.0,0.0
56.400000000000006,55.50000000000052,0.0,0.0
56.5,55.60000000000052,0.0,0.0
56.6,55.70000000000052,0.0,0.0
56.7,55.80000000000052,0.0,0.0
56.800000000000004,55.900000000000524,0.0,0.0
56.900000000000006,56.000000000000526,0.0,0.0
57.0,56.10000000000053,0.0,0.0
57.1,56.20000000000053,0.0,0.0
57.2,56.30000000000053,0.0,0.0
57.300000000000004,56.40000000000053,0.0,0.0
57.400000000000006,56.50000000000053,0.0,0.0
57.5,56.600000000000534,0.0,0.0
57.6,56.700000000000536,0.0,0.0
57.7,56.80000000000054,0.0,0.0
57.800000000000004,56.90000000000054,0.0,0.0
57.900000000000006,57.00000000000054,0.0,0.0
58.0,57.10000000000054,0.0,0.0
58.1,57.20000000000054,0.0,0.0
58.2,57.300000000000544,0.0,0.0
58.300000000000004,57.400000000000546,0.0,0.0
58.400000000000006,57.50000000000055,0.0,0.0
58.5,57.60000000000055,0.0,0.0
58.6,57.70000000000055,0.0,0.0
58.7,57.80000000000055,0.0,0.0
58.800000000000004,57.90000000000055,0.0,0.0
58.900000000000006,58.000000000000554,0.0,0.0
59.0,58.100000000000556,0.0,0.0
59.1,58.20000000000056,0.0,0.0
59.2,58.30000000000056,0.0,0.0
59.300000000000004,58.40000000000056,0.0,0.0
59.400000000000006,58.50000000000056,0.0,0.0
59.5,58.60000000000056,0.0,0.0
59.6,58.700000000000564,0.0,0.0
59.7,58.800000000000566,0.0,0.0
59.800000000000004,58.90000000000057,0.0,0.0
59.900000000000006,59.00000000000057,0.0,0.0
60.0,59.10000000000057,0.0,0.0
60.1,59.20000000000057,0.0,0.0
60.2,59.30000000000057,0.0,0.0
60.300000000000004,59.400000000000574,0.0,0.0
60.400000000000006,59.500000000000576,0.0,0.0
60.5,59.60000000000058,0.0,0.0
60.6,59.70000000000058,0.0,0.0
60.7,59.80000000000058,0.0,0.0
60.800000000000004,59.90000000000058,0.0,0.0
60.900000000000006,60.00000000000058,0.0,0.0
61.0,60.100000000000584,0.0,0.0
61.1,60.200000000000585,0.0,0.0
61.2,60.30000000000059,0.0,0.0
61.300000000000004,60.40000000000059,0.0,0.0
61.400000000000006,60.50000000000059,0.0,0.0
61.5,60.60000000000059,0.0,0.0
61.6,60.70000000000059,0.0,0.0
61.7,60.800000000000594,0.0,0.0
61.800000000000004,60.900000000000595,0.0,0.0
61.900000000000006,61.0000000000006,0.0,0.0
62.0,61.1000000000006,0.0,0.0
62.1,61.2000000000006,0.0,0.0
62.2,61.3000000000006,0.0,0.0
62.300000000000004,61.4000000000006,0.0,0.0
62.400000000000006,61.500000000000604,0.0,0.0
62.5,61.600000000000605,0.0,0.0
62.6,61.70000000000061,0.0,0.0
62.7,61.80000000000061,0.0,0.0
62.800000000000004,61.90000000000061,0.0,0.0
62.900000000000006,62.00000000000061,0.0,0.0
63.0,62.10000000000061,0.0,0.0
63.1,62.200000000000614,0.0,0.0
63.2,62.300000000000615,0.0,0.0
63.300000000000004,62.40000000000062,0.0,0.0
63.400000000000006,62.50000000000062,0.0,0.0
63.5,62.60000000000062,0.0,0.0
63.6,62.70000000000062,0.0,0.0
63.7,62.80000000000062,0.0,0.0
63.800000000000004,62.900000000000624,0.0,0.0
63.900000000000006,63.000000000000625,0.0,0.0
64.0,63.10000000000063,0.0,0.0
64.10000000000001,63.20000000000063,0.0,0.0
64.2,63.30000000000063,0.0,0.0
64.3,63.40000000000063,0.0,0.0
64.4,63.50000000000063,0.0,0.0
64.5,63.600000000000634,0.0,0.0
64.60000000000001,63.700000000000635,0.0,0.0
64.7,63.80000000000064,0.0,0.0
64.8,63.90000000000064,0.0,0.0
64.9,64.00000000000064,0.0,0.0
65.0,64.10000000000063,0.0,0.0
65.10000000000001,64.20000000000063,0.0,0.0
65.2,64.30000000000062,0.0,0.0
65.3,64.40000000000062,0.0,0.0
65.4,64.50000000000061,0.0,0.0
65.5,64.6000000000006,0.0,0.0
65.60000000000001,64.7000000000006,0.0,0.0
65.7,64.8000000000006,0.0,0.0
65.8,64.90000000000059,0.0,0.0
65.9,65.00000000000058,0.0,0.0
66.0,65.10000000000058,0.0,0.0
66.10000000000001,65.20000000000057,0.0,0.0
66.2,65.30000000000057,0.0,0.0
66.3,65.40000000000056,0.0,0.0
66.4,65.50000000000055,0.0,0.0
66.5,65.60000000000055,0.0,0.0
66.60000000000001,65.70000000000054,0.0,0.0
66.7,65.80000000000054,0.0,0.0
66.8,65.90000000000053,0.0,0.0
66.9,66.00000000000053,0.0,0.0
67.0,66.10000000000052,0.0,0.0
67.10000000000001,66.20000000000051,0.0,0.0
67.2,66.30000000000051,0.0,0.0
67.3,66.4000000000005,0.0,0.0
67.4,66.5000000000005,0.0,0.0
67.5,66.60000000000049,0.0,0.0
67.60000000000001,66.70000000000049,0.0,0.0
67.7,66.80000000000048,0.0,0.0
67.8,66.90000000000047,0.0,0.0
67.9,67.00000000000047,0.0,0.0
68.0,67.10000000000046,0.0,0.0
68.10000000000001,67.20000000000046,0.0,0.0
68.2,67.30000000000045,0.0,0.0
68.3,67.40000000000045,0.0,0.0
68.4,67.50000000000044,0.0,0.0
68.5,67.60000000000043,0.0,0.0
68.60000000000001,67.70000000000043,0.0,0.0
68.7,67.80000000000042,0.0,0.0
68.8,67.90000000000042,0.0,0.0
68.9,68.00000000000041,0.0,0.0
69.0,68.1000000000004,0.0,0.0
69.10000000000001,68.2000000000004,0.0,0.0
69.2,68.3000000000004,0.0,0.0
69.3,68.40000000000039,0.0,0.0
69.4,68.50000000000038,0.0,0.0
69.5,68.60000000000038,0.0,0.0
69.60000000000001,68.70000000000037,0.0,0.0
69.7,68.80000000000037,0.0,0.0
69.8,68.90000000000036,0.0,0.0
69.9,69.00000000000036,0.0,0.0
70.0,69.10000000000035,0.0,0.0
70.10000000000001,69.20000000000034,0.0,0.0
70.2,69.30000000000034,0.0,0.0
70.3,69.40000000000033,0.0,0.0
70.4,69.50000000000033,0.0,0.0
70.5,69.60000000000032,0.0,0.0
70.60000000000001,69.70000000000032,0.0,0.0
70.7,69.80000000000031,0.0,0.0
70.8,69.9000000000003,0.0,0.0
70.9,70.0000000000003,0.0,0.0
71.0,70.10000000000029,0.0,0.0
71.10000000000001,70.20000000000029,0.0,0.0
71.2,70.30000000000028,0.0,0.0
71.3,70.40000000000028,0.0,0.0
71.4,70.50000000000027,0.0,0.0
71.5,70.60000000000026,0.0,0.0
71.60000000000001,70.70000000000026,0.0,0.0
71.7,70.80000000000025,0.0,0.0
71.8,70.90000000000025,0.0,0.0
71.9,71.00000000000024,0.0,0.0
72.0,71.10000000000024,0.0,0.0
72.10000000000001,71.20000000000023,0.0,0.0
72.2,71.30000000000022,0.0,0.0
72.3,71.40000000000022,0.0,0.0
72.4,71.50000000000021,0.0,0.0
72.5,71.60000000000021,0.0,0.0
72.60000000000001,71.7000000000002,0.0,0.0
72.7,71.8000000000002,0.0,0.0
72.8,71.90000000000019,0.0,0.0
72.9,72.00000000000018,0.0,0.0
73.0,72.10000000000018,0.0,0.0
73.10000000000001,72.20000000000017,0.0,0.0
73.2,72.30000000000017,0.0,0.0
73.3,72.40000000000016,0.0,0.0
73.4,72.50000000000016,0.0,0.0
73.5,72.60000000000015,0.0,0.0
73.60000000000001,72.70000000000014,0.0,0.0
73.7,72.80000000000014,0.0,0.0
73.8,72.90000000000013,0.0,0.0
73.9,73.00000000000013,0.0,0.0
74.0,73.10000000000012,0.0,0.0
74.10000000000001,73.20000000000012,0.0,0.0
74.2,73.30000000000011,0.0,0.0
74.3,73.4000000000001,0.0,0.0
74.4,73.5000000000001,0.0,0.0
74.5,73.6000000000001,0.0,0.0
74.60000000000001,73.70000000000009,0.0,0.0
74.7,73.80000000000008,0.0,0.0
74.8,73.90000000000008,0.0,0.0
74.9,74.00000000000007,0.0,0.0
75.0,74.10000000000007,0.0,0.0
75.10000000000001,74.20000000000006,0.0,0.0
75.2,74.30000000000005,0.0,0.0
75.3,74.40000000000005,0.0,0.0
75.4,74.50000000000004,0.0,0.0
75.5,74.60000000000004,0.0,0.0
75.60000000000001,74.70000000000003,0.0,0.0
75.7,74.80000000000003,0.0,0.0
75.8,74.90000000000002,0.0,0.0
75.9,75.00000000000001,0.0,0.0
76.0,75.10000000000001,0.0,0.0
76.10000000000001,75.2,0.0,0.0
76.2,75.3,0.0,0.0
76.3,75.39999999999999,0.0,0.0
76.4,75.49999999999999,0.0,0.0
76.5,75.59999999999998,0.0,0.0
76.60000000000001,75.69999999999997,0.0,0.0
76.7,75.79999999999997,0.0,0.0
76.80000000000001,75.89999999999996,0.0,0.0
76.9,75.99999999999996,0.0,0.0
77.0,76.09999999999995,0.0,0.0
77.10000000000001,76.19999999999995,0.0,0.0
77.2,76.29999999999994,0.0,0.0
77.30000000000001,76.39999999999993,0.0,0.0
77.4,76.49999999999993,0.0,0.0
77.5,76.59999999999992,0.0,0.0
77.60000000000001,76.69999999999992,0.0,0.0
77.7,76.79999999999991,0.0,0.0
77.80000000000001,76.8999999999999,0.0,0.0
77.9,76.9999999999999,0.0,0.0
78.0,77.0999999999999,0.0,0.0
78.10000000000001,77.19999999999989,0.0,0.0
78.2,77.29999999999988,0.0,0.0
78.30000000000001,77.39999999999988,0.0,0.0
78.4,77.49999999999987,0.0,0.0
78.5,77.59999999999987,0.0,0.0
78.60000000000001,77.69999999999986,0.0,0.0
78.7,77.79999999999986,0.0,0.0
78.80000000000001,77.89999999999985,0.0,0.0
78.9,77.99999999999984,0.0,0.0
79.0,78.09999999999984,0.0,0.0
79.10000000000001,78.19999999999983,0.0,0.0
79.2,78.29999999999983,0.0,0.0
79.30000000000001,78.39999999999982,0.0,0.0
79.4,78.49999999999982,0.0,0.0
79.5,78.59999999999981,0.0,0.0
79.60000000000001,78.6999999999998,0.0,0.0
79.7,78.7999999999998,0.0,0.0
79.80000000000001,78.89999999999979,0.0,0.0
79.9,78.99999999999979,0.0,0.0
80.0,79.09999999999978,0.0,0.0
80.10000000000001,79.19999999999978,0.0,0.0
80.2,79.29999999999977,0.0,0.0
80.30000000000001,79.39999999999976,0.0,0.0
80.4,79.49999999999976,0.0,0.0
80.5,79.59999999999975,0.0,0.0
80.60000000000001,79.69999999999975,0.0,0.0
80.7,79.79999999999974,0.0,0.0
80.80000000000001,79.89999999999974,0.0,0.0
80.9,79.99999999999973,0.0,0.0
81.0,80.09999999999972,0.0,0.0
81.10000000000001,80.19999999999972,0.0,0.0
81.2,80.29999999999971,0.0,0.0
81.30000000000001,80.39999999999971,0.0,0.0
81.4,80.4999999999997,0.0,0.0
81.5,80.5999999999997,0.0,0.0
81.60000000000001,80.69999999999969,0.0,0.0
81.7,80.79999999999968,0.0,0.0
81.80000000000001,80.89999999999968,0.0,0.0
81.9,80.99999999999967,0.0,0.0
82.0,81.09999999999967,0.0,0.0
82.10000000000001,81.19999999999966,0.0,0.0
82.2,81.29999999999966,0.0,0.0
82.30000000000001,81.39999999999965,0.0,0.0
82.4,81.49999999999964,0.0,0.0
82.5,81.59999999999964,0.0,0.0
82.60000000000001,81.69999999999963,0.0,0.0
82.7,81.79999999999963,0.0,0.0
82.80000000000001,81.89999999999962,0.0,0.0
82.9,81.99999999999962,0.0,0.0
83.0,82.09999999999961,0.0,0.0
83.10000000000001,82.1999999999996,0.0,0.0
83.2,82.2999999999996,0.0,0.0
83.30000000000001,82.3999999999996,0.0,0.0
83.4,82.49999999999959,0.0,0.0
83.5,82.59999999999958,0.0,0.0
83.60000000000001,82.69999999999958,0.0,0.0
83.7,82.79999999999957,0.0,0.0
83.80000000000001,82.89999999999957,0.0,0.0
83.9,82.99999999999956,0.0,0.0
84.0,83.09999999999955,0.0,0.0
84.10000000000001,83.19999999999955,0.0,0.0
84.2,83.29999999999954,0.0,0.0
84.30000000000001,83.39999999999954,0.0,0.0
84.4,83.49999999999953,0.0,0.0
84.5,83.59999999999953,0.0,0.0
84.60000000000001,83.69999999999952,0.0,0.0
84.7,83.79999999999951,0.0,0.0
84.80000000000001,83.89999999999951,0.0,0.0
84.9,83.9999999999995,0.0,0.0
85.0,84.0999999999995,0.0,0.0
85.10000000000001,84.19999999999949,0.0,0.0
85.2,84.29999999999949,0.0,0.0
85.30000000000001,84.39999999999948,0.0,0.0
85.4,84.49999999999947,0.0,0.0
85.5,84.59999999999947,0.0,0.0
85.60000000000001,84.69999999999946,0.0,0.0
85.7,84.79999999999946,0.0,0.0
85.80000000000001,84.89999999999945,0.0,0.0
85.9,84.99999999999945,0.0,0.0
86.0,85.09999999999944,0.0,0.0
86.10000000000001,85.19999999999943,0.0,0.0
86.2,85.29999999999943,0.0,0.0
86.30000000000001,85.39999999999942,0.0,0.0
86.4,85.49999999999942,0.0,0.0
86.5,85.59999999999941,0.0,0.0
86.60000000000001,85.6999999999994,0.0,0.0
86.7,85.7999999999994,0.0,0.0
86.80000000000001,85.8999999999994,0.0,0.0
86.9,85.99999999999939,0.0,0.0
87.0,86.09999999999938,0.0,0.0
87.10000000000001,86.19999999999938,0.0,0.0
87.2,86.29999999999937,0.0,0.0
87.30000000000001,86.39999999999937,0.0,0.0
87.4,86.49999999999936,0.0,0.0
87.5,86.59999999999935,0.0,0.0
87.60000000000001,86.69999999999935,0.0,0.0
87.7,86.79999999999934,0.0,0.0
87.80000000000001,86.89999999999934,0.0,0.0
87.9,86.99999999999933,0.0,0.0
88.0,87.09999999999933,0.0,0.0
88.10000000000001,87.19999999999932,0.0,0.0
88.2,87.29999999999932,0.0,0.0
88.30000000000001,87.39999999999931,0.0,0.0
88.4,87.4999999999993,0.0,0.0
88.5,87.5999999999993,0.0,0.0
88.60000000000001,87.69999999999929,0.0,0.0
88.7,87.79999999999929,0.0,0.0
88.80000000000001,87.89999999999928,0.0,0.0
88.9,87.99999999999928,0.0,0.0
89.0,88.09999999999927,0.0,0.0
89.10000000000001,88.19999999999926,0.0,0.0
89.2,88.29999999999926,0.0,0.0
89.30000000000001,88.39999999999925,0.0,0.0
89.4,88.49999999999925,0.0,0.0
89.5,88.59999999999924,0.0,0.0
89.60000000000001,88.69999999999924,0.0,0.0
89.7,88.79999999999923,0.0,0.0
89.80000000000001,88.89999999999922,0.0,0.0
89.9,88.99999999999922,0.0,0.0
90.0,89.09999999999921,0.0,0.0
90.10000000000001,89.1999999999992,0.0,0.0
90.2,89.2999999999992,0.0,0.0
90.30000000000001,89.3999999999992,0.0,0.0
90.4,89.49999999999919,0.0,0.0
90.5,89.59999999999918,0.0,0.0
90.60000000000001,89.69999999999918,0.0,0.0
90.7,89.79999999999917,0.0,0.0
90.80000000000001,89.89999999999917,0.0,0.0
90.9,89.99999999999916,0.0,0.0
91.0,90.09999999999916,0.0,0.0
91.10000000000001,90.19999999999915,0.0,0.0
91.2,90.29999999999914,0.0,0.0
91.30000000000001,90.39999999999914,0.0,0.0
91.4,90.49999999999913,0.0,0.0
91.5,90.59999999999913,0.0,0.0
91.60000000000001,90.69999999999912,0.0,0.0
91.7,90.79999999999912,0.0,0.0
91.80000000000001,90.89999999999911,0.0,0.0
91.9,90.9999999999991,0.0,0.0
92.0,91.0999999999991,0.0,0.0
92.10000000000001,91.1999999999991,0.0,0.0
92.2,91.29999999999909,0.0,0.0
92.30000000000001,91.39999999999908,0.0,0.0
92.4,91.49999999999908,0.0,0.0
92.5,91.59999999999907,0.0,0.0
92.60000000000001,91.69999999999906,0.0,0.0
92.7,91.79999999999906,0.0,0.0
92.80000000000001,91.89999999999905,0.0,0.0
92.9,91.99999999999905,0.0,0.0
93.0,92.09999999999904,0.0,0.0
93.10000000000001,92.19999999999904,0.0,0.0
93.2,92.29999999999903,0.0,0.0
93.30000000000001,92.39999999999903,0.0,0.0
93.4,92.49999999999902,0.0,0.0
93.5,92.59999999999901,0.0,0.0
93.60000000000001,92.69999999999901,0.0,0.0
93.7,92.799999999999,0.0,0.0
93.80000000000001,92.899999999999,0.0,0.0
93.9,92.99999999999899,0.0,0.0
94.0,93.09999999999899,0.0,0.0
94.10000000000001,93.19999999999898,0.0,0.0
94.2,93.29999999999897,0.0,0.0
94.30000000000001,93.39999999999897,0.0,0.0
94.4,93.49999999999896,0.0,0.0
94.5,93.59999999999896,0.0,0.0
94.60000000000001,93.69999999999895,0.0,0.0
94.7,93.79999999999895,0.0,0.0
94.80000000000001,93.89999999999894,0.0,0.0
94.9,93.99999999999893,0.0,0.0
95.0,94.09999999999893,0.0,0.0
95.10000000000001,94.19999999999892,0.0,0.0
95.2,94.29999999999892,0.0,0.0
95.30000000000001,94.39999999999891,0.0,0.0
95.4,94.4999999999989,0.0,0.0
95.5,94.5999999999989,0.0,0.0
95.60000000000001,94.6999999999989,0.0,0.0
95.7,94.79999999999889,0.0,0.0
95.80000000000001,94.89999999999888,0.0,0.0
95.9,94.99999999999888,0.0,0.0
96.0,95.09999999999887,0.0,0.0
96.10000000000001,95.19999999999887,0.0,0.0
96.2,95.29999999999886,0.0,0.0
96.30000000000001,95.39999999999885,0.0,0.0
96.4,95.49999999999885,0.0,0.0
96.5,95.59999999999884,0.0,0.0
96.60000000000001,95.69999999999884,0.0,0.0
96.7,95.79999999999883,0.0,0.0
96.80000000000001,95.89999999999883,0.0,0.0
96.9,95.99999999999882,0.0,0.0
97.0,96.09999999999881,0.0,0.0
97.10000000000001,96.19999999999881,0.0,0.0
97.2,96.2999999999988,0.0,0.0
97.30000000000001,96.3999999999988,0.0,0.0
97.4,96.49999999999879,0.0,0.0
97.5,96.59999999999879,0.0,0.0
97.60000000000001,96.69999999999878,0.0,0.0
97.7,96.79999999999878,0.0,0.0
97.80000000000001,96.89999999999877,0.0,0.0
97.9,96.99999999999876,0.0,0.0
98.0,97.09999999999876,0.0,0.0
98.10000000000001,97.19999999999875,0.0,0.0
98.2,97.29999999999875,0.0,0.0
98.30000000000001,97.39999999999874,0.0,0.0
98.4,97.49999999999874,0.0,0.0
98.5,97.59999999999873,0.0,0.0
98.60000000000001,97.69999999999872,0.0,0.0
98.7,97.79999999999872,0.0,0.0
98.80000000000001,97.89999999999871,0.0,0.0
98.9,97.9999999999987,0.0,0.0
99.0,98.0999999999987,0.0,0.0
99.10000000000001,98.1999999999987,0.0,0.0
99.2,98.29999999999869,0.0,0.0
99.30000000000001,98.39999999999868,0.0,0.0
99.4,98.49999999999868,0.0,0.0
99.5,98.59999999999867,0.0,0.0
99.60000000000001,98.69999999999867,0.0,0.0
99.7,98.79999999999866,0.0,0.0
99.80000000000001,98.89999999999866,0.0,0.0
99.9,98.99999999999865,0.0,0.0
