Time,Leader_X,Leader_Y,Leader_Theta
0.0,5.0,0.0,0.0
0.1,4.993751301974831,0.24989584635339165,0.05
0.2,4.975020826390129,0.4991670832341408,0.1
0.30000000000000004,4.943855389680211,0.7471906623679963,0.15000000000000002
0.4,4.900332889206208,0.9933466539753061,0.2
0.5,4.844562108553224,1.2370197962726146,0.25
0.6000000000000001,4.77668244562803,1.477601033306698,0.30000000000000004
0.7000000000000001,4.696863564236894,1.714489037277257,0.35000000000000003
0.8,4.6053049700144255,1.9470917115432527,0.4
0.9,4.502235511763384,2.174827670556151,0.45
1.0,4.387912809451864,2.397127693021015,0.5
1.1,4.262622610297528,2.613436144653296,0.55
1.2000000000000002,4.126678074548391,2.823212366975177,0.6000000000000001
1.3,3.980418992745279,3.025932028680198,0.65
1.4000000000000001,3.8242109364224417,3.2210884361884555,0.7000000000000001
1.5,3.6584443443691046,3.4081938001166705,0.75
1.6,3.483533546735827,3.586780454497614,0.8
1.7000000000000002,3.29991572942491,3.7564020257014636,0.8500000000000001
1.8,3.108049841353322,3.916634548137417,0.9
1.9000000000000001,2.9084154473194173,4.067077523946868,0.9500000000000001
2.0,2.701511529340699,4.207354924039483,1.0
2.1,2.487855239458635,4.337116127970085,1.05
2.2,2.2679806071278867,4.456036800307177,1.1
2.3000000000000003,2.0424372044207857,4.563819701302606,1.1500000000000001
2.4000000000000004,1.811788772383367,4.660195429836132,1.2000000000000002
2.5,1.5766118119763433,4.7449230967779314,1.25
2.6,1.3374941431229368,4.817790927085965,1.3
2.7,1.0950334354652074,4.878616789133296,1.35
2.8000000000000003,0.8498357145012041,4.927248649942301,1.4000000000000001
2.9000000000000004,0.602513846836832,4.963564955187943,1.4500000000000002
3.0,0.35368600833851455,4.987474933020272,1.5
3.1,0.10397413901546214,4.998918820946785,1.55
3.2,-0.14599761150644408,4.997868015207525,1.6
3.3000000000000003,-0.3956044440336704,4.9843251422695944,1.6500000000000001
3.4000000000000004,-0.6442224714776243,4.958324052262343,1.7000000000000002
3.5,-0.8912302782474604,4.919929734369685,1.75
3.6,-1.1360104734654355,4.869238154390976,1.8
3.7,-1.3779512341225648,4.806376014876499,1.85
3.8000000000000003,-1.616447834317518,4.731500438437072,1.9000000000000001
3.9000000000000004,-1.8509041567564355,4.644798575019346,1.9500000000000002
4.0,-2.080734182735712,4.546487134128409,2.0
4.1000000000000005,-2.3053634568835655,4.436811843166876,2.0500000000000003
4.2,-2.5242305229992876,4.316046833244369,2.1
4.3,-2.7367883274013547,4.184493953992488,2.15
4.4,-2.942505586276729,4.0424820190979505,2.2
4.5,-3.1408681136136956,3.890365984439606,2.25
4.6000000000000005,-3.331380106399122,3.7285260608836,2.3000000000000003
4.7,-3.51356538386777,3.5573667639542217,2.35
4.800000000000001,-3.686968577706229,3.377315902755753,2.4000000000000004
4.9,-3.851156270236537,3.1888235106725182,2.45
5.0,-4.005718077734668,2.9923607205197826,2.5
5.1000000000000005,-4.150267676176112,2.788418586957083,2.5500000000000003
5.2,-4.284443766844737,2.577506859107321,2.6
5.300000000000001,-4.40791097939143,2.360152706449411,2.6500000000000004
5.4,-4.520360710085306,2.136899401169149,2.7
5.5,-4.621511893162317,1.9083049602616584,2.75
5.6000000000000005,-4.711111703343292,1.6749407507795233,2.8000000000000003
5.7,-4.788936187765452,1.437390061712722,2.85
5.800000000000001,-4.854790825747953,1.19624664606991,2.9000000000000004
5.9,-4.90851101499227,0.9521132368051353,2.95
6.0,-4.949962483002227,0.7056000402993361,3.0
6.1000000000000005,-4.979041622695306,0.4573232111621838,3.0500000000000003
6.2,-4.995675751366397,0.20790331216645247,3.1
6.300000000000001,-4.99982329235671,-0.04203623683574531,3.1500000000000004
6.4,-4.991473878973766,-0.2918707171379004,3.2
6.5,-4.970648380402731,-0.5409756726505419,3.25
6.6000000000000005,-4.937398849544325,-0.7887284707162433,3.3000000000000003
6.7,-4.89180839290967,-1.034509858366999,3.35
6.800000000000001,-4.833990962897304,-1.2777055101341583,3.4000000000000004
6.9,-4.764091072971524,-1.5177075635421466,3.45
7.0,-4.682283436453981,-1.7539161384480992,3.5
7.1000000000000005,-4.588772529831379,-1.985740836429801,3.5500000000000003
7.2,-4.483792081670735,-2.2126022164742625,3.6
7.300000000000001,-4.367604488419689,-2.433933243278499,3.6500000000000004
7.4,-4.24050015855204,-2.649180704542467,3.7
7.5,-4.1027967866978035,-2.8578065937117185,3.75
7.6000000000000005,-3.9548385595720825,-3.0592894547135963,3.8000000000000003
7.7,-3.7969952956875392,-3.253125685325837,3.85
7.800000000000001,-3.6296615210006995,-3.4388307959198707,3.9000000000000004
7.9,-3.453255482802538,-3.6159406204325606,3.95
8.0,-3.2682181043180596,-3.7840124765396412,4.0
8.1,-3.075011882627872,-3.9426262721309753,4.05
8.200000000000001,-2.8741197326663426,-4.091385555322054,4.1000000000000005
8.3,-2.6660437801857717,-4.229918505377233,4.15
8.4,-2.451304106703497,-4.357878862067941,4.2
8.5,-2.230437449568964,-4.4749467911429175,4.25
8.6,-2.0039958603998773,-4.580829683747274,4.3
8.700000000000001,-1.7725453252406556,-4.675262887792247,4.3500000000000005
8.8,-1.5366643498920967,-4.75801036944758,4.4
8.9,-1.2969425139481305,-4.8288653031031945,4.45
9.0,-1.0539789971538984,-4.887650588325485,4.5
9.1,-0.8083810817684325,-4.9342192925161825,4.55
9.200000000000001,-0.5607626346752699,-4.968455018167322,4.6000000000000005
9.3,-0.3117425730349583,-4.9902721937943975,4.65
9.4,-0.0619433173144528,-4.999616287820504,4.7
9.5,0.18801076443988277,-4.99646394487689,4.75
9.600000000000001,0.4374949171972364,-4.9808230441792025,4.800000000000001
9.700000000000001,0.6858855605045409,-4.952732679833566,4.8500000000000005
9.8,0.9325618471128788,-4.912263063121662,4.9
9.9,1.176907214772256,-4.859515347009104,4.95
10.0,1.4183109273161312,-4.794621373315692,5.0
10.100000000000001,1.6561696011837725,-4.7177433431795315,5.050000000000001
10.200000000000001,1.8898887135649054,-4.629073411638661,5.1000000000000005
10.3,2.118884088397141,-4.5288332073435225,5.15
10.4,2.3425833565018856,-4.417273278600765,5.2
10.5,2.5604273862092035,-4.29467246713296,5.25
10.600000000000001,2.7718716808958077,-4.161337211119504,5.300000000000001
10.700000000000001,2.976387739943034,-4.017600779260777,5.3500000000000005
10.8,3.1734643797131734,-3.8638224377799357,5.4
10.9,3.3626090112423297,-3.700386552444472,5.45
11.0,3.5433488714563,-3.5277016278519597,5.5
11.100000000000001,3.7152322048320525,-3.3461992863813066,5.550000000000001
11.200000000000001,3.877829392551251,-3.1563331893616042,5.6000000000000005
11.3,4.030734026323579,-2.9585779031550468,5.65
11.4,4.173563924195799,-2.753427712988188,5.7
11.5,4.305962085807604,-2.541395387496292,5.75
11.600000000000001,4.4275975847065965,-2.323010897068783,5.800000000000001
11.700000000000001,4.538166395492068,-2.0988200891992945,5.8500000000000005
11.8,4.63739215372018,-1.8693833241511801,5.9
11.9,4.725026846671137,-1.635274074348703,5.95
12.0,4.80085143325183,-1.3970774909946293,6.0
12.100000000000001,4.864676391484489,-1.155388941496957,6.050000000000001
12.200000000000001,4.916342192212923,-0.9108125213604751,6.1000000000000005
12.3,4.955719697842345,-0.6639595442625836,6.15
12.4,4.982710485116088,-0.41544701408748197,6.2
12.5,4.997247091122497,-0.16589608273778408,6.25
12.600000000000001,4.999293181917076,0.08406950242175301,6.300000000000001
12.700000000000001,4.98884364333842,0.33382495760778175,6.3500000000000005
12.8,4.965924593790963,0.5827460242524682,6.4
12.9,4.930593318962563,0.8302105293247861,6.45
13.0,4.8829381286401174,1.0755999404390777,6.5
13.100000000000001,4.823078135981089,1.3183009118638962,6.550000000000001
13.200000000000001,4.751162959792646,1.5577068175668933,6.6000000000000005
13.3,4.667372350562559,1.7932192674640017,6.65
13.4,4.571915741176597,2.0242496030829917,6.7
13.5,4.465031723445383,2.250220368903088,6.75
13.600000000000001,4.346987451749124,2.470566755693045,6.800000000000001
13.700000000000001,4.218077975290796,2.684738012240059,6.8500000000000005
13.8,4.078625500626784,2.8921988219410006,6.9
13.9,3.9289785863183053,3.09243064081512,6.95
14.0,3.769511271716523,3.2849329935939453,7.0
14.100000000000001,3.6006221420589672,3.4692247246488215,7.050000000000001
14.200000000000001,3.4227333322140296,3.6448452006293826,7.1000000000000005
14.3,3.236289471563618,3.811355461807056,7.15
14.4,3.0417565726612725,3.9683393192457657,7.2
14.5,2.8396208664434743,4.115404395057528,7.25
14.600000000000001,2.6303875869055227,4.2521831031428245,7.300000000000001
14.700000000000001,2.4145797082796854,4.378333567964413,7.3500000000000005
14.8,2.1927366378719517,4.493540479058135,7.4
14.9,1.9654128678247038,4.597515879144853,7.45
15.0,1.7331765891751292,4.6899998838736945,7.5
15.100000000000001,1.496608271673531,4.770761331397575,7.550000000000001
15.200000000000001,1.2562992129112742,4.839598360157432,7.6000000000000005
15.3,1.0128500603847217,4.896338913431,7.65
15.4,0.7668693101893218,4.940841169385002,7.7
15.5,0.5189717860962648,4.972993895555881,7.75
15.600000000000001,0.2697771028132443,4.992716726873025,7.800000000000001
15.700000000000001,0.019908117270394255,4.999960366529594,7.8500000000000005
15.8,-0.23001062819768475,4.99470670919886,7.9
15.9,-0.47935446688248906,4.976968886288099,7.95
16.0,-0.7275001690430677,4.946791233116909,8.0
16.1,-0.9738274996558067,4.904249178101997,8.05
16.2,-1.2177207686789555,4.849449054225431,8.1
16.3,-1.4585703699571326,4.782527833257546,8.15
16.400000000000002,-1.6957743049191811,4.703652783398863,8.200000000000001
16.5,-1.9287396872611091,4.613021051196701,8.25
16.6,-2.156884224853104,4.510859168781466,8.3
16.7,-2.3796376751665482,4.397422487654325,8.35
16.8,-2.596443270583428,4.2729945404414025,8.4
16.900000000000002,-2.806759110025365,4.1378863322099155,8.450000000000001
17.0,-3.0100595134241184,3.9924355631174513,8.5
17.1,-3.205836335648009,3.8370057843374368,8.55
17.2,-3.3936002366000624,3.6719854893705666,8.6
17.3,-3.5728819043134594,3.49778714301334,8.65
17.400000000000002,-3.7432332279869995,3.31484615041091,8.700000000000001
17.5,-3.9042284180287457,3.123619768770962,8.75
17.6,-4.05546507030828,2.9245859644588084,8.8
17.7,-4.196565171957419,2.718242218330442,8.85
17.8,-4.327176046205562,2.505104282289423,8.9
17.900000000000002,-4.446971233887911,2.2857048901757713,8.950000000000001
18.0,-4.555651309423385,2.060592426208783,9.0
18.1,-4.652944629222643,1.8303295543120552,9.05
18.2,-4.738608010655559,1.5954918117467607,9.1
18.3,-4.812427339881187,1.3566661705681637,9.15
18.400000000000002,-4.87421810702082,1.1144495705012296,9.200000000000001
18.5,-4.923825867336618,0.8694474269021678,9.25
18.6,-4.961126627263017,0.6222721175353085,9.3
18.7,-4.9860271543260595,0.37354145194767385,9.35
18.8,-4.9984652101760325,0.12387712726678882,9.4
18.900000000000002,-4.998409706150924,-0.1260968257183025,9.450000000000001
19.0,-4.985860780981892,-0.3757556023090465,9.5
19.1,-4.960849800446504,-0.6244751855837616,9.55
19.200000000000003,-4.923439278970633,-0.871633906114907,9.600000000000001
19.3,-4.8737227233749465,-1.1166139958189194,9.65
19.400000000000002,-4.811824399156548,-1.358803132054721,9.700000000000001
19.5,-4.737899019889966,-1.5975959681113683,9.75
19.6,-4.652131360523766,-1.8323956462596418,9.8
19.700000000000003,-4.554735795539434,-2.0626152895854717,9.850000000000001
19.8,-4.445955763126804,-2.2876794688766067,9.9
19.900000000000002,-4.326063156715356,-2.5070256408959946,9.950000000000001
20.0,-4.195357645382262,-2.7201055544468487,10.0
20.1,-4.054165924835734,-2.926386620715182,10.05
20.200000000000003,-3.902840900845913,-3.125353244464417,10.100000000000001
20.3,-3.7417608071642334,-3.31650811275499,10.15
20.400000000000002,-3.571328260135995,-3.4993734379677184,10.200000000000001
20.5,-3.3919692523692264,-3.673492152023977,10.25
20.6,-3.2041320879749664,-3.8384290488179125,10.3
20.700000000000003,-3.0082862620405026,-3.9937718720050075,10.350000000000001
20.8,-2.804921287136144,-4.139132345428268,10.4
20.900000000000002,-2.5945454697887054,-4.2741471436064185,10.450000000000001
21.0,-2.3776846399799627,-4.39847879985835,10.5
21.1,-2.1548808368454857,-4.511816549794118,10.55
21.200000000000003,-1.9266909538591401,-4.613877108064036,10.600000000000001
21.3,-1.6936853468894066,-4.704405376424539,10.65
21.400000000000002,-1.4564464086067193,-4.783175081350942,10.700000000000001
21.5,-1.21556711280515,-4.849989339603392,10.75
21.6,-0.9716495322766739,-4.904681150332458,10.8
21.700000000000003,-0.7253033339428006,-4.947113812494257,10.850000000000001
21.8,-0.47714425500475327,-4.977181266531887,10.9
21.900000000000002,-0.22779256392110964,-4.994808359469085,10.950000000000001
22.0,0.022128489940253928,-4.9999510327535175,11.0
22.1,0.27199423410107054,-4.9925964323802265,11.05
22.200000000000003,0.5211801343284932,-4.972762941019945,11.100000000000001
22.3,0.7690633556454529,-4.940500132071991,11.15
22.400000000000002,1.0150243190937607,-4.8958886457565844,11.200000000000001
22.5,1.2584482503587722,-4.8390399875563075,11.25
22.6,1.4987267163850746,-4.770096249510445,11.3
22.700000000000003,1.7352591461421996,-4.689229755058911,11.350000000000001
22.8,1.9674543317394544,-4.596642628323378,11.4
22.900000000000002,2.1947319061377777,-4.492566288902239,11.450000000000001
23.0,2.4165237937650295,-4.377260873442142,11.5
23.1,2.63227563040914,-4.2510145854318315,11.55
23.200000000000003,2.8414481488398753,-4.114142974843539,11.600000000000001
23.3,3.0435185266960936,-3.9669881494223853,11.65
23.400000000000002,3.237981693269387,-3.8099179195951605,11.700000000000001
23.5,3.424351591917767,-3.64332487913585,11.75
23.6,3.6021623949541937,-3.467625423885612,11.8
23.700000000000003,3.7709696679731453,-3.28325871098007,11.850000000000001
23.8,3.9303514807051965,-3.0906855611851665,11.9
23.900000000000002,4.079909461622973,-2.890387307085218,11.950000000000001
24.0,4.219269793662461,-2.6828645900021746,12.0
24.1,4.3480841485710275,-2.468636108652987,12.05
24.200000000000003,4.466030557546617,-2.2482373226729995,12.100000000000001
24.3,4.572814215992088,-2.0222191142457007,12.15
24.400000000000002,4.66816822037319,-1.791146411184135,12.200000000000001
24.5,4.751854235338367,-1.5555967749056365,12.25
24.6,4.823663089433049,-1.3161589568290046,12.3
24.700000000000003,4.8834152979193215,-1.0734314268026348,12.350000000000001
24.8,4.930961511394319,-0.828020877241547,12.4
24.900000000000002,4.9661828890859425,-0.5805407067122834,12.450000000000001
25.0,4.988991395892903,-0.33160948675600344,12.5
25.1,4.999330022426625,-0.08184941578170682,12.55
25.200000000000003,4.997172927505024,0.16811523610569234,12.600000000000001
25.3,4.9825255027420114,0.41765968745554094,12.65
25.400000000000002,4.955424359071265,0.6661602070997198,12.700000000000001
25.5,4.9159372352379584,0.91299567315567,12.75
25.6,4.864162828487177,1.1575491255076948,12.8
25.700000000000003,4.800230547872207,1.3992093078858812,12.850000000000001
25.8,4.724300190799303,1.637372195688465,12.9
25.900000000000002,4.6365615436173755,1.871442505728792,12.950000000000001
26.0,4.537233907250981,2.1008351841332047,13.0
26.1,4.426565549062196,2.324976868671106,13.05
26.200000000000003,4.304833082311529,2.5433073218618762,13.100000000000001
26.3,4.172340774768816,2.755280831276832,13.15
26.400000000000002,4.029419788202249,2.9603675735361223,13.200000000000001
26.5,3.8764273506464395,3.158054938591193,13.25
26.6,3.7137458635183473,3.347848810983012,13.3
26.700000000000003,3.5417819458129167,3.5292748048733285,13.350000000000001
26.8,3.3609654177673405,3.7018794497622434,13.4
26.900000000000002,3.1717482265342922,3.865231323928307,13.450000000000001
27.0,2.97460331654946,4.018922132758105,13.5
27.1,2.770023447416708,4.162567729270198,13.55
27.200000000000003,2.5585199622657373,4.295809074282484,13.600000000000001
27.3,2.340621509660549,4.418313133823176,13.65
27.400000000000002,2.1168727222533192,4.529773711542314,13.700000000000001
27.5,1.8878328554864665,4.629912214043136,13.75
27.6,1.6540743897452348,4.718478347220524,13.8
27.700000000000003,1.4161815994549298,4.795250741865881,13.850000000000001
27.8,1.1747490926991153,4.86003750697488,13.9
27.900000000000002,0.9303803250090453,4.91267670937505,13.950000000000001
28.0,0.683686091039168,4.953036778474352,14.0
28.1,0.4352829978985172,4.981016835119158,14.05
28.200000000000003,0.18579192395412314,4.996546943739589,14.100000000000001
28.3,-0.06416353304158379,4.999588287152015,14.15
28.400000000000002,-0.3139586146204177,4.990133263581808,14.200000000000001
28.5,-0.5629689631691774,4.968205505663813,14.25
28.6,-0.8105721824985913,4.9338598213730664,14.3
28.700000000000003,-1.056149393509591,4.887182057033411,14.350000000000001
28.8,-1.2990867810687792,4.828288882746387,14.4
28.900000000000002,-1.538777128226621,4.757327500776737,14.450000000000001
29.0,-1.7746213339435248,4.674475277623415,14.5
29.1,-2.006029910530503,4.579939300695696,14.55
29.200000000000003,-2.2324244570613363,4.473955860702517,14.600000000000001
29.3,-2.4532391050736906,4.356789861048756,14.65
29.400000000000002,-2.667921932945596,4.228734155714667,14.700000000000001
29.5,-2.8759363454120135,4.090108817273471,14.75
29.6,-3.076762414773604,3.9412603368765815,14.8
29.700000000000003,-3.26989818044515,3.782560758206204,14.850000000000001
29.8,-3.454860903595629,3.61440674755988,14.9
29.900000000000002,-3.631188273743903,3.437218602391296,14.950000000000001
30.0,-3.7984395642941067,3.251439200785584,15.0
30.1,-3.956196734122665,3.057532894494704,15.05
30.200000000000003,-4.104065472463346,2.855984348299936,15.100000000000001
30.3,-4.241676184478845,2.6472973286023214,15.15
30.400000000000002,-4.368684915055406,2.431993444268991,15.200000000000001
30.5,-4.484774208511444,2.210610842882697,15.25
30.6,-4.589653902071466,1.9837028656530604,15.3
30.700000000000003,-4.683061851121855,1.7518366643517722,15.350000000000001
30.8,-4.764764584435902,1.5155917837285113,15.4
30.900000000000002,-4.834557887730288,1.2755587129508634,15.450000000000001
31.0,-4.892267314094421,1.032337409688983,15.5
31.1,-4.937748620016885,0.7865358005338012,15.55
31.200000000000003,-4.9708881259190765,0.5387682614972115,15.600000000000001
31.3,-4.991603000294962,0.28965408239197404,15.65
31.400000000000002,-4.9998414667467,0.039815918929677833,15.700000000000001
31.5,-4.99558293339867,-0.21012176359420398,15.75
31.6,-4.978838044366443,-0.4595342511384082,15.8
31.700000000000003,-4.949648653152028,-0.707798142375578,15.850000000000001
31.8,-4.908087718031922,-0.9542929068709469,15.9
31.900000000000002,-4.854259119699406,-1.1984024360852858,15.950000000000001
32.0,-4.788297401616923,-1.4395165833253265,16.0
32.1,-4.710367433727476,-1.6770326887928066,16.05
32.2,-4.620664000365648,-1.9103570859200456,16.1
32.300000000000004,-4.519411313398198,-2.138906585227222,16.150000000000002
32.4,-4.406862451811174,-2.3621099319923307,16.2
32.5,-4.283298729144212,-2.5794092340905466,16.25
32.6,-4.149028990353246,-2.7902613564338967,16.3
32.7,-4.004388839858923,-2.9941392785261858,16.35
32.800000000000004,-3.8497398027103475,-3.190533411739751,16.400000000000002
32.9,-3.6854684209607393,-3.378952873021634,16.45
33.0,-3.5119852875135678,-3.5589267118456154,16.5
33.1,-3.3297240198541926,-3.730005087343184,16.55
33.2,-3.1391401762319298,-3.8917603926714923,16.6
33.300000000000004,-2.9407101170016867,-4.043788323807754,16.650000000000002
33.4,-2.734929813971178,-4.185708890098734,16.7
33.5,-2.52231361072964,-4.317167364039528,16.75
33.6,-2.3033929370568127,-4.437835167907523,16.8
33.7,-2.0787149806251954,-4.547410695035626,16.85
33.800000000000004,-1.848841319315849,-4.645620063671848,16.900000000000002
33.9,-1.614346517566176,-4.7322178015410445,16.95
34.0,-1.3758166902579847,-4.806987459397784,17.0
34.1,-1.1338480377356295,-4.869742152036704,17.05
34.2,-0.8890453556155782,-4.920325025408217,17.1
34.300000000000004,-0.6420205231123587,-4.958609648671947,17.150000000000002
34.4,-0.3933909736592007,-4.984500330207981,17.2
34.5,-0.14377815164593583,-4.997932356796086,17.25
34.6,0.10619404086823006,-4.9988721553650555,17.3
34.7,0.35590080358501275,-4.987317376907904,17.35
34.800000000000004,0.6047179996423884,-4.9632969023531635,17.400000000000002
34.9,0.8520237156316867,-4.926870770377601,17.45
35.0,1.0971998160572967,-4.878130027340788,17.5
35.1,1.3396334883533814,-4.81719649971663,17.55
35.2,1.5787187745962168,-4.74422248959062,17.6
35.300000000000004,1.8138580860834053,-4.659390393983943,17.650000000000002
35.4,2.044463696994399,-4.562912248955922,17.7
35.5,2.2699592133990345,-4.455029199624267,17.75
35.6,2.4897810139420775,-4.336010897427906,17.8
35.7,2.703379658603151,-4.2061548261388,17.85
35.800000000000004,2.9102212620106265,-4.065785558307432,17.900000000000002
35.9,3.109788827876996,-3.9152539440004936,17.95
36.0,3.301583541220401,-3.7549362338583805,18.0
36.1,3.485126015142224,-3.5852331386646092,18.05
36.2,3.6599574890447335,-3.4065688277775,18.1
36.300000000000004,3.8256409752936444,-3.2193898689276965,18.150000000000002
36.4,3.981762351459616,-3.0241641120314204,18.2
36.5,4.127931395408695,-2.821379519809276,18.25
36.6,4.263782760654366,-2.611542948133658,18.3
36.7,4.388976889533536,-2.3951788791529802,18.35
36.800000000000004,4.50320086192385,-2.1728281103594678,18.400000000000002
36.9,4.60616917738102,-1.9450464028770773,18.45
37.0,4.69762446874128,-1.7124030923480626,18.5
37.1,4.777338145405216,-1.475479665890469,18.55
37.2,4.84511096469525,-1.2348683086831045,18.6
37.300000000000004,4.900773529858556,-0.9911704238110153,18.650000000000002
37.4,4.94418671347073,-0.744995129070994,18.7
37.5,4.975242005181894,-0.49695773449424085,18.75
37.6,4.993861782936051,-0.2476782043918371,18.8
37.7,4.999999506985809,0.0022203922332309565,18.85
37.800000000000004,4.993639836217508,0.25211343903407385,18.900000000000002
37.9,4.974798666496016,0.5013763335354547,18.95
38.0,4.943523090933346,0.7493860483147617,19.0
38.1,4.899891282180399,0.9955226882459911,19.05
38.2,4.84401229703605,1.239171039914799,19.1
38.300000000000004,4.776025803861949,1.4797221093316224,19.150000000000002
38.400000000000006,4.696101733484348,1.7165746440994936,19.200000000000003
38.5,4.604439854455547,1.949136636231893,19.25
38.6,4.501269273736522,2.176826801864466,19.3
38.7,4.386847864048877,2.399076034161861,19.35
38.800000000000004,4.261461619327313,2.615328825788497,19.400000000000002
38.900000000000006,4.1254239398837385,2.825044657387585,19.450000000000003
39.0,3.97907484906972,3.0276993485980053,19.5
39.1,3.8227801433951396,3.2227863682322844,19.55
39.2,3.6569304782274834,3.409818100340678,19.6
39.300000000000004,3.481940391356835,3.5883270629971573,19.650000000000002
39.400000000000006,3.298247266867296,3.757867076760753,19.700000000000003
39.5,3.1063102419045747,3.9180143798917766,19.75
39.6,2.9066090590721783,4.068368687535527,19.8
39.7,2.6996428673248376,4.2085541922258916,19.85
39.800000000000004,2.485928974356011,4.338220503208346,19.900000000000002
39.900000000000006,2.266001553598077,4.457043522234342,19.950000000000003
40.0,2.0404103090669596,4.564726253638138,20.0
40.1,1.8097191013883065,4.660999546671325,20.05
40.2,1.5745045384396712,4.745622768239473,20.1
40.300000000000004,1.3353545341310484,4.818384404359582,20.150000000000002
40.400000000000006,1.0928668389262959,4.879102588834882,20.200000000000003
40.5,0.8476475457782923,4.927625557825598,20.25
40.6,0.6003095752121337,4.963832029179535,20.3
40.7,0.3514711433431278,4.987631505574272,20.35
40.800000000000004,0.10175421665839715,4.998964500713346,20.400000000000002
40.900000000000006,-0.1482170425754079,4.9978026880110225,20.450000000000003
41.0,-0.39781783639270035,4.984148971393997,20.5
41.1,-0.6464242927985528,4.9580374780430905,20.55
41.2,-0.8934150251236728,4.919533473093081,20.6
41.300000000000004,-1.138172685167534,4.868733196503843,20.650000000000002
41.400000000000006,-1.3800855062473525,4.805763622510578,20.700000000000003
41.5,-1.618548832296173,4.730782142254354,20.75
41.6,-1.8529666291882072,4.643976170386202,20.8
41.7,-2.082752974513636,4.54556267662812,20.85
41.800000000000004,-2.3073335220795625,4.435787643461747,20.900000000000002
41.900000000000006,-2.526146937476359,4.314925451300267,20.950000000000003
42.0,-2.7386463011213418,4.18327819268028,21.0
42.1,-2.94430047527296,4.041174917187751,21.05
42.2,-3.14259543159844,3.888970809005464,21.1
42.300000000000004,-3.333035535976987,3.7270462991375086,21.150000000000002
42.400000000000006,-3.5151447873269426,3.5558061145299,21.200000000000003
42.5,-3.6884680073605858,3.3756782664640053,21.25
42.6,-3.8525719782928443,3.1871129807511944,21.3
42.7,-4.00704652566007,2.9905815724028595,21.35
42.800000000000004,-4.151505543542636,2.786575267588292,21.400000000000002
42.900000000000006,-4.285587959628636,2.5756039758251,21.450000000000003
43.0,-4.408958637706621,2.3581950154709808,21.5
43.1,-4.521309215331619,2.1348917957023916,21.55
43.2,-4.622358874570608,1.9062524582747007,21.6
43.300000000000004,-4.711855043901138,1.672848482458412,21.650000000000002
43.400000000000006,-4.789574029508583,1.4352632566386254,21.700000000000003
43.5,-4.855321574404189,1.1940906201479138,21.75
43.6,-4.908933343966384,0.9499333789771887,21.8
43.7,-4.9502753366917265,0.703401799074761,21.85
43.800000000000004,-4.979244219128899,0.4551120809992216,21.900000000000002
43.900000000000006,-4.995767584158509,0.20568481973897432,21.950000000000003
44.0,-4.999804131973185,-0.04425654645201938,22.0
44.1,-4.991343773305586,-0.2940872943252646,22.05
44.2,-4.9704076546463085,-0.5431829771203988,22.1
44.300000000000004,-4.9370481053886826,-0.7909209853569579,22.150000000000002
44.400000000000006,-4.891348507032534,-1.0366821030338111,22.200000000000003
44.5,-4.833423084773866,-1.2798520553466652,22.25
44.6,-4.763416622001342,-1.5198230440552352,22.3
44.7,-4.681504098413235,-1.7559952666622074,22.35
44.800000000000004,-4.5878902526592995,-1.9877784156071807,22.400000000000002
44.900000000000006,-4.482809070600769,-2.2145931537281225,22.450000000000003
45.0,-4.366523200467578,-2.4358725623025475,22.5
45.1,-4.239323296374533,-2.651063558049139,22.55
45.2,-4.101527291837445,-2.859628275547819,22.6
45.300000000000004,-3.953479605104884,-3.061045411623246,22.650000000000002
45.400000000000006,-3.7955502782919375,-3.2548115283312478,22.700000000000003
45.5,-3.6281340524676464,-3.4404423112914846,22.75
45.6,-3.4516493810078623,-3.617473780221225,22.8
45.7,-3.2665373836798066,-3.7854634486443377,22.85
45.800000000000004,-3.073260744072335,-3.9439914298770935,22.900000000000002
45.900000000000006,-2.8723025531279376,-4.092661486526186,22.950000000000003
46.0,-2.6641651016669874,-4.231102020875853,23.0
46.1,-2.4493686249222195,-4.358967003688676,23.05
46.2,-2.228450002221666,-4.475936839098409,23.1
46.300000000000004,-2.0019614150698843,-4.58171916343324,23.150000000000002
46.400000000000006,-1.770468966981778,-4.676049575972701,23.200000000000003
46.5,-1.534551268518648,-4.758692299811767,23.25
46.6,-1.2947979910630565,-4.829440771180352,23.3
46.7,-1.051808392947565,-4.8881181557451185,23.35
46.800000000000004,-0.8061898216209268,-4.934577790603247,23.400000000000002
46.900000000000006,-0.558556195595779,-4.9687035508633,23.450000000000003
47.0,-0.30952646997210276,-4.990410139896982,23.5
47.1,-0.059723089371748014,-4.999643302536281,23.55
47.2,0.19022956784885242,-4.9963799606831385,23.6
47.300000000000004,0.43970675021947453,-4.9806282709926695,23.650000000000002
47.400000000000006,0.6880848947093966,-4.95242760448578,23.700000000000003
47.5,0.9347431853102137,-4.911848448142116,23.75
47.6,1.1790651047526128,-4.858992228719316,23.8
47.7,1.420439975478367,-4.7939910592389525,23.85
47.800000000000004,1.658264486016264,-4.717007408772772,23.900000000000002
47.900000000000006,1.89194419894657,-4.628233696354628,23.950000000000003
48.0,2.120895036684985,-4.527891810033119,24.0
48.1,2.3445447413724865,-4.416232552266991,24.05
48.2,2.5623343052218543,-4.293535013049647,24.1
48.300000000000004,2.7737193677460774,-4.160105872329489,24.150000000000002
48.400000000000006,2.9781715763760577,-4.0162786334697635,24.200000000000003
48.5,3.175179907066857,-3.862412789663852,24.25
48.6,3.364251941591734,-3.698892925389467,24.3
48.7,3.544915098331172,-3.526127755147805,24.35
48.800000000000004,3.716717813480877,-3.344549101890108,24.400000000000002
48.900000000000006,3.8792306697260988,-3.154610817685187,24.450000000000003
49.0,4.032047469561273,-2.956787649325622,24.5
49.1,4.174786250572284,-2.751574051707969,24.55
49.2,4.3070902401435145,-2.5394829519531106,24.6
49.300000000000004,4.4286287472036205,-2.321044467355524,24.650000000000002
49.400000000000006,4.539097988780984,-2.0968045803661406,24.700000000000003
49.5,4.638221849302923,-1.8673237739205737,24.75
49.6,4.725752570740855,-1.6331756305236111,24.8
49.7,4.801471371876298,-1.394945398591766,24.85
49.800000000000004,4.865188995140001,-1.153228529636961,24.900000000000002
49.900000000000006,4.916746179657302,-0.908629189947872,24.950000000000003
50.0,4.956014059317368,-0.6617587504888651,25.0
50.1,4.9828944848713705,-0.4132342587909137,25.05
50.2,4.997320269254477,-0.16367689665422658,25.1
50.300000000000004,4.9992553555185335,0.08628957248281609,25.150000000000002
50.400000000000006,4.988694906955651,0.33604036262739234,25.200000000000003
50.5,4.965665319187465,0.5849512268718202,25.25
50.6,4.930224154189816,0.8324000176857962,25.3
50.7,4.882459996417796,1.0777682419611065,25.35
50.800000000000004,4.8224922313907435,1.3204426069223643,25.400000000000002
50.900000000000006,4.750470747290617,1.559816553039532,25.450000000000003
51.0,4.66657556031961,1.7952917701108415,25.5
51.1,4.571016364753369,2.0262796927267703,25.55
51.2,4.464032008814549,2.2522029713769465,25.6
51.300000000000004,4.34588989767662,2.4724969155233136,25.650000000000002
51.400000000000006,4.216885325090206,2.686610905032374,25.700000000000003
51.5,4.077340735302499,2.894009766438751,25.75
51.6,3.9276049171145337,3.0941751106001965,25.8
51.7,3.7680521320908813,3.286606628400388,25.85
51.800000000000004,3.599081179100616,3.4708233412612226,25.900000000000002
51.900000000000006,3.421114397527844,3.6463648033387575,25.950000000000003
52.0,3.2345966116432017,3.8127922523980136,26.0
52.1,3.0399940187747894,3.9696897064901067,26.05
52.2,2.8377930240577194,4.116665003690408,26.1
52.300000000000004,2.628499024674542,4.253350782299172,26.150000000000002
52.400000000000006,2.4126351466255085,4.3794053990544555,26.200000000000003
52.5,2.1907409371860216,4.494513783062336,26.25
52.6,1.9633710163193792,4.598388223310099,26.3
52.7,1.7310936904157967,4.690769087793879,26.35
52.800000000000004,1.494489531822341,4.77142547246349,26.400000000000002
52.900000000000006,1.254149927714432,4.840155778362292,26.450000000000003
53.0,1.01067560193591,4.896788215519585,26.5
53.1,0.7646751135022095,4.941181232336088,26.55
53.2,0.5167633355198543,4.973223869389191,26.6
53.300000000000004,0.26755991832384207,4.992836036773744,26.650000000000002
53.400000000000006,0.017687740674531962,4.999968714285103,26.700000000000003
53.5,-0.23222864711484942,4.994604073944121,26.75
53.6,-0.48156458422880294,4.976755524557795,26.8
53.7,-0.7296968606761717,4.946467678204249,26.85
53.800000000000004,-0.9760052749906288,4.903816238725761,26.900000000000002
53.900000000000006,-1.2198741844113306,4.848907812508585,26.950000000000003
54.0,-1.4606940436691809,4.781879642022515,27.0
54.1,-1.6978629285326279,4.702899262786159,27.05
54.2,-1.9307880403046631,4.612164084615429,27.1
54.300000000000004,-2.15888718751091,4.509900898201781,27.150000000000002
54.400000000000006,-2.381590241075092,4.396365308253613,27.200000000000003
54.5,-2.5983405593447917,4.271841094617612,27.25
54.6,-2.808596379405749,4.136639502976893,27.3
54.7,-3.011832171206911,3.9910984668989395,27.35
54.800000000000004,-3.2075399511119285,3.8355817631776388,27.400000000000002
54.900000000000006,-3.3952305515936803,3.670478102580762,27.450000000000003
55.0,-3.5744348438983256,3.4962001582754887,27.5
55.1,-3.7447049106229184,3.313183534360359,27.55
55.2,-3.9056151652755715,3.121885677081957,27.6
55.300000000000004,-4.056763416020094,2.9227847314574813,27.650000000000002
55.400000000000006,-4.197771870946111,2.7163783461612248,27.700000000000003
55.5,-4.328288082352083,2.5031824296620755,27.75
55.6,-4.447985827681042,2.283729860720964,27.8
55.7,-4.556565924907037,2.0585691564715707,27.85
55.800000000000004,-4.653756980334426,1.8282631014130901,27.900000000000002
55.900000000000006,-4.73931606694076,1.593387340742094,27.950000000000003
56.0,-4.813029331567833,1.3545289415393453,28.0
56.1,-4.874712529443212,1.112284925407767,28.05
56.2,-4.924211484696191,0.8672607762294605,28.1
56.300000000000004,-4.961402475717198,0.6200689267712616,28.150000000000002
56.400000000000006,-4.986192544397371,0.37132722792178885,28.200000000000003
56.5,-4.9985197284754275,0.12165740438601136,28.25
56.6,-4.998353216411049,-0.12831649930279745,28.3
56.7,-4.9856934243976765,-0.3779696785692903,28.35
56.800000000000004,-4.960571995322251,-0.6266781304821633,28.400000000000002
56.900000000000006,-4.923051719674475,-0.873820213436492,28.450000000000003
57.0,-4.873226378603289,-1.1187782009339822,28.5
57.1,-4.811220509512827,-1.3609398255775784,28.55
57.2,-4.737189094783788,-1.5996998094209904,28.6
57.300000000000004,-4.651317174398178,-1.834461376848406,28.650000000000002
57.400000000000006,-4.553819383435729,-2.064637746202717,28.700000000000003
57.5,-4.444939415597988,-2.289653596434057,28.75
57.6,-4.324949414100943,-2.508946505102871,28.8
57.7,-4.194149291458759,-2.7219683541430078,28.85
57.800000000000004,-4.0528659798586535,-2.9281866998715023,28.900000000000002
57.900000000000006,-3.901452614000701,-3.1270861038204716,28.950000000000003
58.0,-3.7402876484450016,-3.318169421064838,29.0
58.1,-3.569773911672331,-3.5009590428257837,29.05
58.2,-3.390337599222793,-3.6749980902438883,29.1
58.300000000000004,-3.202427208428888,-3.839851556338391,29.150000000000002
58.400000000000006,-3.0065124174057596,-3.9951073932980794,29.200000000000003
58.5,-2.803082911100531,-4.140377542386223,29.25
58.6,-2.5926471573348957,-4.275298903885351,29.3
58.7,-2.3757311359004616,-4.399534244657394,29.35
58.800000000000004,-2.152877023883134,-4.512773041050934,29.400000000000002
58.900000000000006,-1.9246418405027783,-4.614732255048615,29.450000000000003
59.0,-1.691596054855276,-4.7051570417147675,29.5
59.1,-1.4543221600368148,-4.783821386175058,29.55
59.2,-1.2134132172146008,-4.850528668535927,29.6
59.300000000000004,-0.9694713732827378,-4.905112155331953,29.650000000000002
59.400000000000006,-0.7231063558085988,-4.947435416272678,29.700000000000003
59.5,-0.47493394903146635,-4.977392665247276,29.75
59.6,-0.22557445472255674,-4.994909024734747,29.8
59.7,0.024348858246254216,-4.999940712958715,29.85
59.800000000000004,0.2742113117500898,-4.992475153319073,29.900000000000002
59.900000000000006,0.5233883797810406,-4.972531005826929,29.950000000000003
60.0,0.7712572494379202,-4.940158120464309,30.0
60.1,1.0171983776342337,-4.895437412585139,30.05
60.2,1.2605970396331356,-4.838480660669026,30.1
60.300000000000004,1.500844865539202,-4.769430226933257,30.150000000000002
60.400000000000006,1.7373413609063162,-4.6884587015014,30.200000000000003
60.5,1.9694954076610385,-4.5957684710178865,30.25
60.6,2.1967267415900054,-4.491591212786774,30.3
60.7,2.4184674026981683,-4.376187315699179,30.35
60.800000000000004,2.6341631548130606,-4.249845229396631,30.400000000000002
60.900000000000006,2.843274870886572,-4.112880743297202,30.450000000000003
61.0,3.045279880531781,-3.965636197286426,30.5
61.1,3.2396732764267777,-3.8084796260458305,30.55
61.2,3.4259691763199345,-3.641803839157967,30.6
61.300000000000004,3.6037019374825476,-3.4660254392869843,30.650000000000002
61.400000000000006,3.7724273205731422,-3.2815837808889388,30.700000000000003
61.5,3.931723600004463,-3.0889398720544796,30.75
61.6,4.081192618037852,-2.888575222228659,30.8
61.7,4.220460779970174,-2.680990638688161,30.85
61.800000000000004,4.349179987926054,-2.466704974783876,30.900000000000002
61.900000000000006,4.467028510921272,-2.246253833077749,30.950000000000003
62.0,4.573711789022656,-2.0201882266153253,31.0
62.1,4.668963169594545,-1.7890732016800373,31.05
62.2,4.752544573791461,-1.5534864254718612,31.1
62.300000000000004,4.824247091631266,-1.3140167422400961,31.150000000000002
62.400000000000006,4.883891504161309,-1.0712627014794212,31.200000000000003
62.5,4.9313287314124725,-0.825831061867895,31.25
62.6,4.966440205021466,-0.5783352746861846,31.3
62.7,4.9891381645899635,-0.3293939505089475,31.35
62.800000000000004,4.999365877039914,-0.07962931300049124,31.400000000000002
62.900000000000006,4.997097778416682,0.17033435632032176,31.450000000000003
63.0,4.9823395377856246,0.41987227845873415,31.5
63.1,4.955128043062373,0.6683607385662729,31.55
63.2,4.915531308812265,0.91517864490294,31.6
63.300000000000004,4.863648306249344,1.1597090812431743,31.650000000000002
63.400000000000006,4.799608715859872,1.401340848845115,31.700000000000003
63.5,4.723572603268656,1.6394699941291315,31.75
63.6,4.63573001915832,1.8735013182473101,31.8
63.7,4.536300524241611,2.102849864770495,31.85
63.800000000000004,4.425532640473941,2.326942381774793,31.900000000000002
63.900000000000006,4.303703229877931,2.54521875467282,31.950000000000003
64.0,4.171116802532551,2.757133406208453,32.0
64.10000000000001,4.028104755456458,2.962156660115914,32.050000000000004
64.2,3.8750245442881477,3.159776065034425,32.1
64.3,3.712258789832889,3.3494976753699133,32.15
64.4,3.5402143217100286,3.5308472859016717,32.2
64.5,3.3593211614908958,3.70337161704837,32.25
64.60000000000001,3.1700314478686495,3.8666394478311257,32.300000000000004
64.7,2.972818306547223,4.020242693701178,32.35
64.8,2.768174667673275,4.163797426538899,32.4
64.9,2.5566120337676113,4.296944834274072,32.45
65.0,2.3386592012353677,4.4193521177291535,32.5
65.10000000000001,2.114860938650172,4.530713322444019,32.550000000000004
65.2,1.8857766251166683,4.630750103402643,32.6
65.3,1.6519788521138548,4.719212420750797,32.65
65.4,1.4140519923146777,4.795879164765402,32.7
65.5,1.1725907389587895,4.86055870851367,32.75
65.60000000000001,0.9281986194289217,4.913089386820705,32.800000000000004
65.7,0.6814864867470126,4.953339900348169,32.85
65.8,0.43307099275953764,4.981209643774318,32.9
65.9,0.18357304682914147,4.996628957254868,32.95
66.0,-0.0663837361152974,4.999559300536336,33.0
66.10000000000001,-0.316174594291465,4.989993349286613,33.050000000000004
66.2,-0.565175180642414,4.9679550134019745,33.1
66.3,-0.8127631233793013,4.9334993772447895,33.15
66.4,-1.0583195815866275,4.886712561961294,33.2
66.5,-1.301230792002136,4.827711510223606,33.25
66.60000000000001,-1.5408896031055694,4.756643693933903,33.300000000000004
66.7,-1.7766969926809975,4.673686745621523,33.35
66.8,-2.00806356506063,4.579048014454095,33.4
66.9,-2.234411024306933,4.472964047972624,33.45
67.0,-2.455173619651202,4.355700000845882,33.5
67.10000000000001,-2.669799559576078,4.227548972121716,33.550000000000004
67.2,-2.877752391006716,4.088831272632209,33.6
67.3,-3.0785123401643117,3.9398936243832843,33.65
67.4,-3.271577611729758,3.781108293930315,33.7
67.5,-3.456465643070536,3.6128721619056754,33.75
67.60000000000001,-3.6327143103961723,3.435605731023696,33.800000000000004
67.7,-3.799883083826834,3.2497520750430597,33.85
67.8,-3.9575541284887845,3.05577573131298,33.9
67.9,-4.105333348883881,2.854161539671827,33.95
68.0,-4.242851373923026,2.645413430600119,34.0
68.10000000000001,-4.3697644801616615,2.4300531656565623,34.050000000000004
68.2,-4.485755450929226,2.208619033346119,34.1
68.3,-4.590534369205745,1.9816645036788683,34.15
68.4,-4.683839342263348,1.749756844783311,34.2
68.5,-4.765437156261655,1.5134757050315772,34.25
68.60000000000001,-4.835123859161014,1.273411664220141,34.300000000000004
68.7,-4.892725270496288,1.0301647574281634,34.35
68.8,-4.938097416737387,0.78434297524205,34.4
68.9,-4.971126891148067,0.5365607440957216,34.45
69.0,-4.991731137243711,0.2874373905246228,34.5
69.10000000000001,-4.99985865513957,0.03759559317167625,34.550000000000004
69.2,-4.99548913027363,-0.2123401735847576,34.6
69.3,-4.978633484182455,-0.4617452004918543,34.65
69.4,-4.949333847203016,-0.7099961048700085,34.7
69.5,-4.907663453168816,-0.9564723887447759,34.75
69.60000000000001,-4.853726456363404,-1.200557989768907,34.800000000000004
69.7,-4.787657671188964,-1.4416428210570955,34.85
69.8,-4.70962223520047,-1.6791242960857096,34.9
69.9,-4.619815196347808,-1.9124088348451713,34.95
70.0,-4.518461025457533,-2.140913347480755,35.0
70.10000000000001,-4.4058130551726125,-2.3640666917137865,35.050000000000004
70.2,-4.28215284675286,-2.581311100399635,35.1
70.3,-4.147789486318319,-2.7921035756553185,35.15
70.4,-4.0030588122949675,-2.9959172460713264,35.2
70.5,-3.8483225759936297,-3.192242683615667,35.25
70.60000000000001,-3.6839675374199383,-3.380589176938847,35.300000000000004
70.7,-3.5104044985759266,-3.560485957896464,35.35
70.8,-3.3280672766687975,-3.7314833782245813,35.4
70.9,-3.137411619793902,-3.893154033426138,35.45
71.0,-2.9389140678019348,-4.045093831059533,35.5
71.10000000000001,-2.7330707611972933,-4.186923000759442,35.550000000000004
71.2,-2.520396201045425,-4.31828704346478,35.6
71.3,-2.301421962987911,-4.438857617481876,35.65
71.4,-2.0766953685802845,-4.548333359167641,35.7
71.5,-1.8467781172732802,-4.646440636181695,35.75
71.60000000000001,-1.6122448824565108,-4.732934231424814,35.800000000000004
71.7,-1.373681875074537,-4.807597955953858,35.85
71.8,-1.1316853784045682,-4.870245189341632,35.9
71.9,-0.8868602576589052,-4.920719346130724,35.95
72.0,-0.6398184481370234,-4.9588942672155785,36.0
72.10000000000001,-0.3911774257057703,-4.984674535174609,36.050000000000004
72.2,-0.14155866343155324,-4.997995712764014,36.1
72.3,0.10841392177891589,-4.998824503977362,36.15
72.4,0.35811552864585217,-4.98715883726824,36.2
72.5,0.6069220331941004,-4.963027870728064,36.25
72.60000000000001,0.8542115487382833,-4.926491919206013,36.300000000000004
72.7,1.0993659802753601,-4.877642303553347,36.35
72.8,1.3417725694004836,-4.816601122368804,36.4
72.9,1.580825425883786,-4.743520946815703,36.45
73.0,1.8159270420803117,-4.658584439273527,36.5
73.10000000000001,2.0464897863881912,-4.562003896777031,36.550000000000004
73.2,2.2719373720213456,-4.454020720384307,36.6
73.3,2.491706297426558,-4.334904811799774,36.65
73.4,2.7052472547437887,-4.2049538987605075,36.7
73.5,2.912026502789665,-4.064492790872016,36.75
73.60000000000001,3.111527201132682,-3.9138725677532498,36.800000000000004
73.7,3.3032507019248802,-3.7534697015205527,36.85
73.8,3.4867177962619773,-3.5836851158032874,36.9
73.9,3.66146991195597,-3.404943183643619,36.95
74.0,3.827070259726717,-3.2176906667849976,37.0
74.10000000000001,3.9831049249478316,-3.022395599000291,37.050000000000004
74.2,4.1291839022175,-2.8195461162513125,37.1
74.3,4.264942070169032,-2.609649236602938,37.15
74.4,4.3900401040840515,-2.393229592942075,37.2
74.5,4.504165324027534,-2.170828121668766,37.25
74.60000000000001,4.607032476384917,-1.943000710636684,37.300000000000004
74.7,4.698384446847456,-1.7103168097232517,37.35
74.8,4.777992903064197,-1.4733580075012882,37.4
74.9,4.845658865353889,-1.2327165775705542,37.45
75.0,4.90121320405054,-0.9889939981823114,37.5
75.10000000000001,4.944517062239566,-0.7427994488566954,37.550000000000004
75.2,4.9754622028276945,-0.49474828775144775,37.6
75.3,4.993971279079378,-0.24546051358674886,37.65
75.4,4.999998027943332,0.004440784028587961,37.7
75.5,4.993527385686062,0.2543309819965335,37.75
75.60000000000001,4.974575525543365,0.5035854849625381,37.800000000000004
75.7,4.943189817295664,0.7515812864783517,37.85
75.8,4.899448708868218,0.997698526193937,37.9
75.9,4.8434615302521555,1.2413220391854203,37.95
76.0,4.775368220236475,1.4818428935469266,38.0
76.10000000000001,4.695338976633884,1.7186599124034598,38.050000000000004
76.2,4.60357383087499,1.9511811765397309,38.1
76.3,4.500302148033814,2.178825503890166,38.15
76.4,4.385782053534591,2.401023902191295,38.2
76.5,4.260299787972686,2.61722099116599,38.25
76.60000000000001,4.12416899166207,2.826876390685144,38.300000000000004
76.7,3.9777299206980095,3.0294660714363197,38.35
76.80000000000001,3.8213485964938787,3.2244836647243638,38.400000000000006
76.9,3.655415890918414,3.4114417281291995,38.45
77.0,3.4803465493194485,3.5898729638582205,38.5
77.10000000000001,3.2965781538766037,3.7593313867473195,38.550000000000004
77.2,3.104570029873808,3.919393438991465,38.6
77.30000000000001,2.9048020976251165,4.069659048818798,38.650000000000006
77.4,2.697773672924079,4.209752630461525,38.7
77.5,2.4840022190141005,4.339324022924887,38.75
77.60000000000001,2.264022053199904,4.45804936520722,38.800000000000004
77.7,2.0383830113326313,4.565631905783746,38.85
77.80000000000001,1.8076490735063457,4.6618027443309575,38.900000000000006
77.9,1.572396954401766,4.746321503837266,38.95
78.0,1.3332146617996863,4.818976931420439,39.0
78.10000000000001,1.0907000268678466,4.87958742634974,39.050000000000004
78.2,0.8454592098944652,4.928001493953166,39.1
78.30000000000001,0.5981051852029574,4.964098124275279,39.150000000000006
78.4,0.34925620903563653,4.9877870945390255,39.2
78.5,0.0995342742348441,4.999009194655732,39.25
78.60000000000001,-0.1504364444151229,4.997736375219459,39.300000000000004
78.7,-0.4000311502998024,4.983971817615928,39.35
78.80000000000001,-0.6486259866409634,4.957749926070701,39.400000000000006
78.9,-0.8955995958133707,4.91913624165655,39.45
79.0,-1.1403346724154977,4.86822727847489,39.5
79.10000000000001,-1.3822195062114375,4.805150282420792,39.550000000000004
79.2,-1.620649511087818,4.730062913134541,39.6
79.30000000000001,-1.8550287362044617,4.643152849934587,39.650000000000006
79.4,-2.084771355560852,4.544637322717069,39.7
79.5,-2.309303132256274,4.434762568994124,39.75
79.60000000000001,-2.5280628537829086,4.313803218428377,39.800000000000004
79.7,-2.7405037347647383,4.182061606401862,39.85
79.80000000000001,-2.9460947836364406,4.039867018334905,39.900000000000006
79.9,-3.1443221298455266,3.887574866644203,39.95
80.0,-3.3346903082613095,3.725565802396744,40.0
80.10000000000001,-3.5167234975796053,3.554244763880432,40.050000000000004
80.2,-3.6899667096281203,3.3740399644693344,40.1
80.30000000000001,-3.8539869266001014,3.185401822313082,40.150000000000006
80.4,-4.008374183373151,2.988801834526274,40.2
80.5,-4.15274259220869,2.784731398691057,40.25
80.60000000000001,-4.28673130727026,2.5737005846191603,40.300000000000004
80.7,-4.4100054265501445,2.356236859443099,40.35
80.80000000000001,-4.522256828950098,2.1328837692228335,40.400000000000006
80.9,-4.62320494442349,1.9041995803639375,40.45
81.0,-4.712597455254415,1.6707558842421029,40.5
81.10000000000001,-4.790210926720526,1.4331361685224733,40.550000000000004
81.2,-4.855851365563451,1.1919343587444602,40.6
81.30000000000001,-4.90935470487098,0.9477533338169657,40.650000000000006
81.4,-4.95058721415883,0.701203419135358,40.7
81.5,-4.979445833627265,0.4529008610855937,40.75
81.60000000000001,-4.995858431756894,0.2034662867492888,40.800000000000004
81.7,-4.9997839855999056,-0.04647684734066015,40.85
81.80000000000001,-4.99121268331608,-0.2963038135169671,40.900000000000006
81.9,-4.970165948697282,-0.5453901744714893,40.95
82.0,-4.936696387619132,-0.7931133440235449,41.0
82.10000000000001,-4.890887656553707,-1.0388541432610217,41.050000000000004
82.2,-4.8328542534719565,-1.28199834816509,41.1
82.30000000000001,-4.7627412316583575,-1.5219382248506133,41.150000000000006
82.4,-4.680723837153307,-1.7580740485840816,41.2
82.5,-4.587007070729226,-1.989815602783355,41.25
82.60000000000001,-4.48182517549541,-2.216583654251636,41.300000000000004
82.7,-4.3654410514123025,-2.4378114009587075,41.35
82.80000000000001,-4.238145598178395,-2.652945888751048,41.400000000000006
82.9,-4.100256988132622,-2.861449393448991,41.45
83.0,-3.952119870989078,-3.0628007648773488,41.5
83.10000000000001,-3.79410451239228,-3.2564967294693448,41.550000000000004
83.2,-3.6266058684459574,-3.442053148188352,41.6
83.30000000000001,-3.45004259852832,-3.6190062266235405,41.650000000000006
83.4,-3.2648560188618396,-3.7869136742341536,41.7
83.5,-3.0715089994523517,-3.9453558098457,41.75
83.60000000000001,-2.870484807155168,-4.0939366106342385,41.800000000000004
83.7,-2.6622858977597152,-4.232284701977142,41.85
83.80000000000001,-2.4474326601115255,-4.3600542856963855,41.900000000000006
83.9,-2.2264621154113775,-4.476926004373748,41.95
84.0,-1.9999265749417563,-4.582607739578169,42.0
84.10000000000001,-1.7683922595763744,-4.676835342009634,42.050000000000004
84.2,-1.53243788452297,-4.759373291734823,42.1
84.30000000000001,-1.2926532128364465,-4.8300152868643815,42.150000000000006
84.4,-1.0496375813186458,-4.888584759200104,42.2
84.5,-0.8039984024882338,-4.934935315563555,42.25
84.60000000000001,-0.55634964636584,-4.968951103702733,42.300000000000004
84.7,-0.30731030586886143,-4.990547101862359,42.35
84.80000000000001,-0.05750284965128878,-4.999669331294019,42.400000000000006
84.9,0.19244833374347142,-4.996294991174897,42.45
85.0,0.4419184965290277,-4.98043251559797,42.5
85.10000000000001,0.6902840932200007,-4.952121552491159,42.550000000000004
85.2,0.9369243391708949,-4.911432864518172,42.6
85.30000000000001,1.18122276221466,-4.858468152208674,42.650000000000006
85.4,1.4225687435217766,-4.793359799759963,42.7
85.5,1.6603590438295688,-4.71627054414538,42.75
85.60000000000001,1.8939993112260947,-4.62739306835664,42.800000000000004
85.7,2.1229055667202963,-4.526949519796744,42.85
85.80000000000001,2.3465056638855755,-4.415190955027077,42.900000000000006
85.9,2.5642407189276355,-4.292396712256858,42.95
86.0,2.7755665076031284,-4.158873713142992,43.0
86.10000000000001,2.979954825496737,-4.014955695645808,43.050000000000004
86.2,3.176894808257047,-3.861002379858036,43.1
86.30000000000001,3.365894208491574,-3.697398568891766,43.150000000000006
86.4,3.5464806261286643,-3.5245531870712403,43.2
86.5,3.718202689171839,-3.3428982578348543,43.25
86.60000000000001,3.8806311818946355,-3.152887823901613,43.300000000000004
86.7,4.033360117656323,-2.954996812400881,43.35
86.80000000000001,4.176007753657235,-2.7497198478017086,43.400000000000006
86.9,4.308217545096779,-2.537570015609476,43.45
87.0,4.429659036349908,-2.3190775799191368,43.5
87.10000000000001,4.540028686934009,-2.094788658031225,43.550000000000004
87.2,4.639050630201992,-1.8652638554431107,43.6
87.30000000000001,4.7264773628653485,-1.6310768646269929,43.650000000000006
87.4,4.802090363623356,-1.3928130310977513,43.7
87.5,4.865700639352623,-1.1510678903537703,43.75
87.60000000000001,4.917149197491423,-0.906445679348439,43.800000000000004
87.7,4.956307443438287,-0.6595578262125558,43.85
87.80000000000001,4.983077501971579,-0.4110214220021816,43.900000000000006
87.9,4.997392461886533,-0.161457678292656,43.95
88.0,4.999216543238456,0.08850962552706788,44.0
88.10000000000001,4.988545186773928,0.33825570137793143,44.050000000000004
88.2,4.965405065326578,0.5871563141354786,44.1
88.30000000000001,4.929854017148876,0.8345893418928195,44.150000000000006
88.4,4.881980901346648,1.0799363309411205,44.2
88.5,4.821905375777559,1.3225840415820376,44.25
88.60000000000001,4.749777597968792,1.5619259809074877,44.300000000000004
88.7,4.665777849801468,1.7973639187159614,44.35
88.80000000000001,4.570116086899757,2.028309382776712,44.400000000000006
88.9,4.463031413851261,2.2541851297035946,44.45
89.0,4.344791486569966,2.4744265877631406,44.5
89.10000000000001,4.215691843295895,2.688483268009765,44.550000000000004
89.2,4.076055165903472,2.895820140221354,44.6
89.30000000000001,3.9262304733647637,3.0959189701963945,44.650000000000006
89.4,3.7665922493839687,3.288279615069347,44.7
89.5,3.5975395063830384,3.472421273407546,44.75
89.60000000000001,3.4194947881784827,3.647883686964292,44.800000000000004
89.7,3.2329031138419655,3.814228291084701,44.85
89.80000000000001,3.038230865384211,3.9710393108891164,44.900000000000006
89.9,2.835964622043071,4.117924800493581,44.95
90.0,2.626609944088649,4.254517622670592,45.0
90.10000000000001,2.4106901091859894,4.380476366500891,45.050000000000004
90.2,2.188744804473535,4.49548620072291,45.1
90.30000000000001,1.9613287776261243,4.5992596606470935,45.150000000000006
90.4,1.729010450274962,4.691537366667772,45.2
90.5,1.4923704972493488,4.772088672577212,45.25
90.60000000000001,1.2520003951921086,4.840712242060955,45.300000000000004
90.7,1.0085009441761237,4.89723655193374,45.35
90.80000000000001,0.7624807660168023,4.94152032085819,45.400000000000006
90.9,0.5145547830347806,4.973452862474524,45.45
91.0,0.2653426810701228,4.992954362058852,45.5
91.10000000000001,0.015467360590551246,4.999976076018401,45.550000000000004
91.2,-0.23444662023521556,4.994500453725105,45.6
91.30000000000001,-0.4837746066078693,4.97654118138305,45.650000000000006
91.4,-0.7318934084089126,4.946143147820086,45.7
91.5,-0.9781828578516528,4.903382332289128,45.75
91.60000000000001,-1.222027359577583,4.848365614559595,45.800000000000004
91.7,-1.462817429324081,4.781230507773672,45.85
91.80000000000001,-1.6999512173178926,4.702144814735018,45.900000000000006
91.9,-1.9328360125858557,4.611306208489218,45.95
92.0,-2.1608897244238916,4.508941738244046,46.0
92.10000000000001,-2.383542337320513,4.395307261864712,46.050000000000004
92.2,-2.6002373356986546,4.270686806362503,46.1
92.30000000000001,-2.8104330949150063,4.135391857975065,46.150000000000006
92.4,-3.0136042350393035,3.9897605836131547,46.2
92.5,-3.2092429340307485,3.834156985619357,46.25
92.60000000000001,-3.3968601970285546,3.6689699919518457,46.300000000000004
92.7,-3.5759870785843564,3.494612484067114,46.35
92.80000000000001,-3.7461758547817903,3.3115202649311875,46.400000000000006
92.9,-3.907001142312917,3.1201509697393752,46.45
93.0,-4.058060961715123,2.920982922066428,46.5
93.10000000000001,-4.1989777421103565,2.7145139383067844,46.550000000000004
93.2,-4.329399264935629,2.501260083392935,46.6
93.30000000000001,-4.448999544306131,2.2817543809016416,46.650000000000006
93.4,-4.5574796418100245,2.0565454807728356,46.7
93.5,-4.654568413698908,1.82619628797028,46.75
93.60000000000001,-4.740023188605927,1.5912825555124075,46.800000000000004
93.7,-4.813630374097777,1.352391445389722,46.85
93.80000000000001,-4.875205990544628,1.1101200609653772,46.900000000000006
93.9,-4.924596130973308,0.8650739545280053,46.95
94.0,-4.9616773457546435,0.61786561372612,47.0
94.10000000000001,-4.986356951163206,0.36911293066807543,47.050000000000004
94.2,-4.9985732610383575,0.11943765751369428,47.1
94.30000000000001,-4.998295740967545,-0.130536147582577,47.150000000000006
94.4,-4.985525084606415,-0.38018368029176786,47.2
94.5,-4.960293211945044,-0.6288809517960625,47.25
94.60000000000001,-4.922663189524571,-0.8760063484357706,47.300000000000004
94.7,-4.872729072803724,-1.1209421854196415,47.35
94.80000000000001,-4.810615671069104,-1.3630762507154028,47.400000000000006
94.9,-4.73647823547703,-1.60180333526073,47.45
95.0,-4.650502071006446,-1.8365267456709566,47.5
95.10000000000001,-4.552902073292993,-2.066659795661679,47.550000000000004
95.2,-4.443922191501884,-2.2916272724588294,47.6
95.30000000000001,-4.3238348185819415,-2.5108668745312768,47.650000000000006
95.4,-4.192940110425206,-2.723830617051555,47.7
95.5,-4.051565235633406,-2.929986201572769,47.75
95.60000000000001,-3.9000635577668863,-3.1288183464973955,47.800000000000004
95.7,-3.7388137521198086,-3.319830075012846,47.85
95.80000000000001,-3.5682188592289688,-3.502543957274872,47.900000000000006
95.9,-3.38870527748254,-3.6765033037333152,47.95
96.0,-3.2007216973459984,-3.841273306618334,48.0
96.10000000000001,-3.0047379798697014,-3.9964421267332955,48.050000000000004
96.2,-2.801243982281048,-4.141621922838227,48.1
96.30000000000001,-2.5907483335963266,-4.276449821051084,48.150000000000006
96.4,-2.373777163313294,-4.40058882184331,48.2
96.5,-2.1508727863612283,-4.513728642363283,48.25
96.60000000000001,-1.9225923475961197,-4.615586491981798,48.300000000000004
96.7,-1.689506429228793,-4.705907779121322,48.35
96.80000000000001,-1.4521976246662995,-4.7844667476024485,48.400000000000006
96.9,-1.2112590823320775,-4.851067040916674,48.45
97.0,-0.967293023103561,-4.905542193015485,48.5
97.10000000000001,-0.7209092350737191,-4.947756044388751,48.550000000000004
97.2,-0.4727235493984998,-4.977603082392577,48.6
97.30000000000001,-0.22335630103941428,-4.995008704975997,48.650000000000006
97.4,0.02656922175052144,-4.9999294071472224,48.7
97.5,0.27642833532306404,-4.992352889713478,48.75
97.60000000000001,0.5255965220184285,-4.972298090022573,48.800000000000004
97.7,0.7734509911340888,-4.939815134629402,48.85
97.80000000000001,1.0193722355774384,-4.894985214005642,48.900000000000006
97.9,1.2627455803106071,-4.837920379605893,48.95
98.0,1.5029627187181855,-4.768763263797359,49.0
98.10000000000001,1.7394232330568549,-4.6876867233532185,49.050000000000004
98.2,1.9715360951869567,-4.59489340740076,49.1
98.30000000000001,2.1987211438352734,-4.490615250904012,49.150000000000006
98.4,2.4204105346958062,-4.375112894947233,49.2
98.5,2.6360501597450394,-4.248675035267836,49.25
98.60000000000001,2.8451010322233246,-4.111617700667436,49.300000000000004
98.7,3.047040633820996,-3.9642834631044916,49.35
98.80000000000001,3.2413642207022293,-3.8070405814426813,49.400000000000006
98.9,3.427586085101533,-3.640282080995694,49.45
99.0,3.605240769340411,-3.4644247711684786,49.5
99.10000000000001,3.773884229229058,-3.2799082036508582,49.550000000000004
99.2,3.9330949439455223,-3.087193573767309,49.6
99.30000000000001,4.082474969618394,-2.886762567728647,49.650000000000006
99.4,4.221650933979063,-2.6791161586675742,49.7
99.5,4.350274969598091,-2.464773354466557,49.75
99.60000000000001,4.468025583372549,-2.244269900508491,49.800000000000004
99.7,4.5746084600913015,-2.0181569405923554,49.85
99.80000000000001,4.6697571980698696,-1.7869996393605234,49.900000000000006
99.9,4.753233975015786,-1.5513757696817443,49.95
